ACPI Driver Trace Provider,{dab01d4d-2d48-477d-b1c3-daad0ce6f06b}
Active Directory Domain Services: SAM,{8e598056-8993-11d2-819e-0000f875a064}
Active Directory: Kerberos Client,{bba3add2-c229-4cdb-ae2b-57eb6966b0c4}
Active Directory: NetLogon,{f33959b4-dbec-11d2-895b-00c04f79ab69}
ADODB.1,{04c8a86f-3369-12f8-4769-24e484a9e725}
ADOMD.1,{7ea56435-3f2f-3f63-a829-f0b35b5cad41}
Application Error,{a0e9b465-b939-57d7-b27d-95d8e925ff57}
Application Hang,{c631c3dc-c676-59e4-2db3-5c0af00f9675}
Application Popup,{47bfa2b7-bd54-4fac-b70b-29021084ca8f}
Application-Addon-Event-Provider,{a83fa99f-c356-4ded-9fd6-5a5eb8546d68}
ATA Port Driver Tracing Provider,{d08bd885-501e-489a-bac6-b7d24bfe6bbf}
AuthFw NetShell Plugin,{935f4ae6-845d-41c6-97fa-380dad429b72}
BCP.1,{24722b88-df97-4ff6-e395-db533ac42a1e}
BFE Trace Provider,{106b464a-8043-46b1-8cb8-e92a0cd7a560}
BITS Service Trace,{4a8aaa94-cfc4-46a7-8e4e-17bc45608f0a}
Certificate Services Client CredentialRoaming Trace,{ef4109dc-68fc-45af-b329-ca2825437209}
Certificate Services Client Trace,{f01b7774-7ed7-401e-8088-b576793d7841}
Circular Kernel Session Provider,{54dea73a-ed1f-42a4-af71-3e63d056f174}
Classpnp Driver Tracing Provider,{fa8de7c4-acde-4443-9994-c4e2359a9edb}
Critical Section Trace Provider,{3ac66736-cc59-4cff-8115-8df50e39816b}
DBNETLIB.1,{bd568f20-fccd-b948-054e-db3421115d61}
Deduplication Tracing Provider,{5ebb59d1-4739-4e45-872d-b8703956d84b}
Disk Class Driver Tracing Provider,{945186bf-3dd6-4f3f-9c8e-9edd3fc9d558}
Downlevel IPsec API,{94335eb3-79ea-44d5-8ea9-306f49b3a041}
Downlevel IPsec NetShell Plugin,{e4ff10d8-8a88-4fc6-82c8-8c23e9462fe5}
Downlevel IPsec Policy Store,{94335eb3-79ea-44d5-8ea9-306f49b3a070}
Downlevel IPsec Service,{94335eb3-79ea-44d5-8ea9-306f49b3a040}
EA IME API,{e2a24a32-00dc-4025-9689-c108c01991c5}
Error Instrument,{cd7cf0d0-02cc-4872-9b65-0dba0a90efe8}
FD Core Trace,{480217a9-f824-4bd4-bbe8-f371caaf9a0d}
FD Publication Trace,{649e3596-2620-4d58-a01f-17aefe8185db}
FD SSDP Trace,{db1d0418-105a-4c77-9a25-8f96a19716a4}
FD WNet Trace,{8b20d3e4-581f-4a27-8109-df01643a7a93}
FD WSDAPI Trace,{7e2dbfc7-41e8-4987-bca7-76cadfad765f}
FDPHost Service Trace,{f1c521ca-da82-4d79-9ee4-d7a375723b68}
File Kernel Trace; Operation Set 1,{d75d8303-6c21-4bde-9c98-ecc6320f9291}
File Kernel Trace; Operation Set 2,{058dd951-7604-414d-a5d6-a56d35367a46}
File Kernel Trace; Optional Data,{7da1385c-f8f5-414d-b9d0-02fca090f1ec}
File Kernel Trace; Volume To Log,{127d46af-4ad3-489f-9165-f00ba64d5467}
FWPKCLNT Trace Provider,{ad33fa19-f2d2-46d1-8f4c-e3c3087e45ad}
FWPUCLNT Trace Provider,{5a1600d2-68e5-4de7-bcf4-1c2d215fe0fe}
Google.Chrome,{d2d578d9-2936-45b6-a09f-30e32715f42d}
Heap Trace Provider,{222962ab-6180-4b88-a825-346b75f2a24a}
IKEEXT Trace Provider,{106b464d-8043-46b1-8cb8-e92a0cd7a560}
IMAPI1 Shim,{1ff10429-99ae-45bb-8a67-c9e945b9fb6c}
IMAPI2 Concatenate Stream,{0e85a5a5-4d5c-44b7-8bda-5b7ab54f7e9d}
IMAPI2 Disc Master,{0e85a5a5-4d5c-44b7-8bda-5b7ab54f7e91}
IMAPI2 Disc Recorder,{0e85a5a5-4d5c-44b7-8bda-5b7ab54f7e93}
IMAPI2 Disc Recorder Enumerator,{0e85a5a5-4d5c-44b7-8bda-5b7ab54f7e92}
IMAPI2 dll,{0e85a5a5-4d5c-44b7-8bda-5b7ab54f7e90}
IMAPI2 Interleave Stream,{0e85a5a5-4d5c-44b7-8bda-5b7ab54f7e9e}
IMAPI2 Media Eraser,{0e85a5a5-4d5c-44b7-8bda-5b7ab54f7e97}
IMAPI2 MSF,{0e85a5a5-4d5c-44b7-8bda-5b7ab54f7e9f}
IMAPI2 Multisession Sequential,{0e85a5a5-4d5c-44b7-8bda-5b7ab54f7ea0}
IMAPI2 Pseudo-Random Stream,{0e85a5a5-4d5c-44b7-8bda-5b7ab54f7e9c}
IMAPI2 Raw CD Writer,{0e85a5a5-4d5c-44b7-8bda-5b7ab54f7e9a}
IMAPI2 Raw Image Writer,{07e397ec-c240-4ed7-8a2a-b9ff0fe5d581}
IMAPI2 Standard Data Writer,{0e85a5a5-4d5c-44b7-8bda-5b7ab54f7e98}
IMAPI2 Track-at-Once CD Writer,{0e85a5a5-4d5c-44b7-8bda-5b7ab54f7e99}
IMAPI2 Utilities,{0e85a5a5-4d5c-44b7-8bda-5b7ab54f7e94}
IMAPI2 Write Engine,{0e85a5a5-4d5c-44b7-8bda-5b7ab54f7e96}
IMAPI2 Zero Stream,{0e85a5a5-4d5c-44b7-8bda-5b7ab54f7e9b}
IMAPI2FS Tracing,{f8036571-42d9-480a-babb-de7833cb059c}
IPMI Driver Trace,{d5c6a3e9-fa9c-434e-9653-165b4fc869e4}
IPMI Provider Trace,{651d672b-e11f-41b7-add3-c2f6a4023672}
KMDFv1 Trace Provider,{544d4c9d-942c-46d5-bf50-df5cd9524a50}
Local Security Authority (LSA),{cc85922f-db41-11d2-9244-006008269001}
LsaSrv,{199fe037-2b82-40a9-82ac-e1d46c792b99}
Microsoft-Antimalware-AMFilter,{cfeb0608-330e-4410-b00d-56d8da9986e6}
Microsoft-Antimalware-Engine,{0a002690-3839-4e3a-b3b6-96d8df868d99}
Microsoft-Antimalware-Engine-Instrumentation,{68621c25-df8d-4a6b-aabc-19a22e296a7c}
Microsoft-Antimalware-NIS,{102aab0a-9d9c-4887-a860-55de33b96595}
Microsoft-Antimalware-Protection,{e4b70372-261f-4c54-8fa6-a5a7914d73da}
Microsoft-Antimalware-RTP,{8e92deef-5e17-413b-b927-59b2f06a3cfc}
Microsoft-Antimalware-Scan-Interface,{2a576b87-09a7-520e-c21a-4942f0271d67}
Microsoft-Antimalware-Service,{751ef305-6c6e-4fed-b847-02ef79d26aef}
Microsoft-Antimalware-UacScan,{d37e7910-79c8-57c4-da77-52bb646364cd}
Microsoft-Autopilot-BootstrapperAgent,{cb1ff6d6-3248-4484-b96e-0973f64838c4}
Microsoft-Client-License-Flexible-Platform,{6e0df32c-7f11-54f7-e8ee-5ad4032727ce}
Microsoft-Client-Licensing-Platform,{b6cc0d55-9ecc-49a8-b929-2b9022426f2a}
Microsoft-ConfigMgr,{fd6007de-16d4-4d5b-a6d7-19aad3211528}
Microsoft-Epm-Events,{56b809b5-d9e6-4f21-a807-2a1e3ed4159e}
Microsoft-Gaming-Services,{bc1bdb57-71a2-581a-147b-e0b49474a2d4}
Microsoft-IE,{9e3b3947-ca5d-4614-91a2-7b624e0e7244}
Microsoft-IE-JSDumpHeap,{7f8e35ca-68e8-41b9-86fe-d6adc5b327e7}
Microsoft-IEFRAME,{5c8bb950-959e-4309-8908-67961a1205d5}
Microsoft-Intune-ControlConfig-Client-Telemetry,{9d7adb63-2e58-4503-b3ce-9017d7c88537}
Microsoft-Intune-Epm-Client-Telemetry,{8ad61205-8e7e-4be4-8d30-e2480500b39a}
Microsoft-Intune-Sidecar-Client-Telemetry,{e20927af-32d7-4d5d-9f73-82f077a1c891}
Microsoft-Inventory-Events,{5e6ac3d4-6a7e-4fdc-98f8-7017e4f177bf}
Microsoft-JScript,{57277741-3638-4a4b-bdba-0ac6e45da56c}
Microsoft-Office-Events,{8736922d-e8b2-47eb-8564-23e77e728cf3}
Microsoft-Office-Word,{daf0b914-9c1c-450a-81b2-fea7244f6ffa}
Microsoft-Office-Word2,{bb00e856-a12f-4ab7-b2c8-4e80caea5b07}
Microsoft-Office-Word3,{a1b69d49-2195-4f59-9d33-bdf30c0fe473}
Microsoft-OneCore-OnlineSetup,{41862974-da3b-4f0b-97d5-bb29fbb9b71e}
Microsoft-PerfTrack-IEFRAME,{b2a40f1f-a05a-4dfd-886a-4c4f18c4334c}
Microsoft-PerfTrack-MSHTML,{ffdb9886-80f3-4540-aa8b-b85192217ddf}
Microsoft-Quic,{ff15e657-4f26-570e-88ab-0796b258d11c}
Microsoft-Surface-SmfCpuClientDriver,{32760e2c-4ac2-40eb-9972-1c69c12ed757}
Microsoft-Surface-SurfaceAcpiPlatformExtensionDriver,{aba759c2-2f7b-41c2-8cfc-71c370e17276}
Microsoft-Surface-SurfaceBattery,{dcf09792-3c77-4d1c-8b99-a8a089841155}
Microsoft-Surface-SurfaceCFUOverHid,{48589a65-4ec1-45ec-bdc1-5693df02043c}
Microsoft-Surface-SurfaceDisplayHardware,{c55d6b1b-9b7e-47aa-9305-0d73c2c257d2}
Microsoft-Surface-SurfaceHidMiniDriver,{2fea7205-b0b1-41ca-8609-5a1d16f3132f}
Microsoft-Surface-SurfaceHotPlug,{69cd60e3-430f-4da4-b1b3-e3bdaf945875}
Microsoft-Surface-SurfaceIhvAudioFilterDriver,{e87903e6-27b6-4216-95ef-129b4947cd2f}
Microsoft-Surface-SurfaceMachineLearningService,{1e8d5623-6573-47f2-b69e-eea8923ce036}
Microsoft-Surface-SurfacePanelDriver,{3d53356d-424b-496a-a094-2154d8d2b304}
Microsoft-Surface-SurfacePowerMeter,{72e33992-7227-4c19-b37e-99a0bab20735}
Microsoft-Surface-SurfacePowerState,{44f35d0a-a3fa-4248-a7cb-22fe08b3288d}
Microsoft-Surface-SurfacePowerTrackerCore,{23ac50b3-680e-7ad3-a2b3-d5dbef945870}
Microsoft-Surface-SurfaceRadioTelemetryDriver,{50831813-a9f1-54e2-634e-31ee5f06dc1d}
Microsoft-Surface-SurfaceSerialHubDriver,{8ddb06d0-a54b-4014-b119-5a09fb550d18}
Microsoft-Surface-SurfaceSmfClient,{a8d5fcb2-ff94-4166-920d-3338902e77e0}
Microsoft-Surface-SurfaceSmfCoreDriver,{0ec12c6e-794a-4b5e-8e27-6d3dc98bbd38}
Microsoft-Surface-SurfaceSystemTelemetryDriver,{fd325c17-372e-40d1-8388-1be314cb816a}
Microsoft-System-Diagnostics-DiagnosticInvoker,{9068a924-f97e-5506-c3a3-5c020c00e8e0}
Microsoft-Windows Networking VPN Plugin Platform,{e5fc4a0f-7198-492f-9b0f-88fdcbfded48}
Microsoft-Windows-AAD,{4de9bc9c-b27a-43c9-8994-0915f1a5e24f}
Microsoft-Windows-AccelLib,{1dfda998-7f9c-5651-d262-07f4a04eaefe}
Microsoft-Windows-AccelLib-AccelCx,{9c4cf201-dd11-5e35-9de5-2c2146832011}
Microsoft-Windows-ACL-UI,{ea4cc8b8-a150-47a3-afb9-c8d194b19452}
Microsoft-Windows-ActionQueue,{0dd4d48e-2bbf-452f-a7ec-ba3dba8407ae}
Microsoft-Windows-ADSI,{7288c9f8-d63c-4932-a345-89d6b060174d}
Microsoft-Windows-AIT,{6addabf4-8c54-4eab-bf4f-fbef61b62eb0}
Microsoft-Windows-All-User-Install-Agent,{d2e990da-8504-4702-a5e5-367fc2f823bf}
Microsoft-Windows-AppHost,{98e0765d-8c42-44a3-a57b-760d7f93225a}
Microsoft-Windows-AppID,{3cb2a168-fe19-4a4e-bdad-dcf422f13473}
Microsoft-Windows-AppIDServiceTrigger,{d02a9c27-79b8-40d6-9b97-cf3f8b7b5d60}
Microsoft-Windows-ApplicabilityEngine,{10a208dd-a372-421c-9d99-4fad6db68b62}
Microsoft-Windows-Application Server-Applications,{c651f5f6-1c0d-492e-8ae1-b4efd7c9d503}
Microsoft-Windows-Application-Experience,{eef54e71-0661-422d-9a98-82fd4940b820}
Microsoft-Windows-ApplicationExperience-Cache,{6d8a3a60-40af-445a-98ca-99359e500146}
Microsoft-Windows-ApplicationExperience-LookupServiceTrigger,{18f4a5fd-fd3b-40a5-8fc2-e5d261c5d02e}
Microsoft-Windows-ApplicationExperience-SwitchBack,{17d6e590-f5fe-11dc-95ff-0800200c9a66}
Microsoft-Windows-ApplicationExperienceInfrastructure,{5ec13d8e-4b3f-422e-a7e7-3121a1d90c7a}
Microsoft-Windows-AppLocker,{cbda4dbf-8d5d-4f69-9578-be14aa540d22}
Microsoft-Windows-AppModel-Exec,{eb65a492-86c0-406a-bace-9912d595bd69}
Microsoft-Windows-AppModel-MessagingDataModel,{1e2462be-b025-48da-8c1f-7b60b8ccae53}
Microsoft-Windows-AppModel-Runtime,{f1ef270a-0d32-4352-ba52-dbab41e1d859}
Microsoft-Windows-AppModel-State,{bff15e13-81bf-45ee-8b16-7cfead00da86}
Microsoft-Windows-AppReadiness,{f0be35f8-237b-4814-86b5-ade51192e503}
Microsoft-Windows-AppSruProv,{0cc157b3-cf07-4fc2-91ee-31ac92e05fe1}
Microsoft-Windows-AppXDeployment,{8127f6d4-59f9-4abf-8952-3e3a02073d5f}
Microsoft-Windows-AppXDeployment-Server,{3f471139-acb7-4a01-b7a7-ff5da4ba2d43}
Microsoft-Windows-AppXDeployment-Server-UndockedDeh,{43833e12-078d-4d7d-8aaf-ae8c8520f18c}
Microsoft-Windows-AppxPackagingOM,{ba723d81-0d0c-4f1e-80c8-54740f508ddf}
Microsoft-Windows-ASN1,{d92ef8ac-99dd-4ab8-b91d-c6eba85f3755}
Microsoft-Windows-AssignedAccess,{8530db6e-51c0-43d6-9d02-a8c2088526cd}
Microsoft-Windows-AssignedAccessBroker,{f2311b48-32be-4902-a22a-7240371dbb2c}
Microsoft-Windows-AsynchronousCausality,{19a4c69a-28eb-4d4b-8d94-5f19055a1b5c}
Microsoft-Windows-Audio,{ae4bd3be-f36f-45b6-8d21-bdd6fb832853}
Microsoft-Windows-Audit,{75ebc33e-0936-4a55-9d26-5f298f3180bf}
Microsoft-Windows-Audit-CVE,{85a62a0d-7e17-485f-9d4f-749a287193a6}
Microsoft-Windows-AuthenticationProvider,{dddc1d91-51a1-4a8d-95b5-350c4ee3d809}
Microsoft-Windows-AxInstallService,{dab3b18c-3c0f-43e8-80b1-e44bc0dad901}
Microsoft-Windows-BackgroundTransfer-ContentPrefetcher,{648a0644-7d62-4fd3-8841-440064762f95}
Microsoft-Windows-Backup,{1db28f2e-8f80-4027-8c5a-a11f7f10f62d}
Microsoft-Windows-Base-Filtering-Engine-Connections,{121d3da8-baf1-4dcb-929f-2d4c9a47f7ab}
Microsoft-Windows-Base-Filtering-Engine-Resource-Flows,{92765247-03a9-4ae3-a575-b42264616e78}
Microsoft-Windows-Battery,{59819d0a-adaf-46b2-8d7c-990bc39c7c15}
Microsoft-Windows-BfeTriggerProvider,{54732ee5-61ca-4727-9da1-10be5a4f773d}
Microsoft-Windows-Biometrics,{a0e3d8ea-c34f-4419-a1db-90435b8b21d0}
Microsoft-Windows-BitLocker-API,{5d674230-ca9f-11da-a94d-0800200c9a66}
Microsoft-Windows-BitLocker-DrivePreparationTool,{632f767e-0ec3-47b9-ba1c-a0e62a74728a}
Microsoft-Windows-BitLocker-Driver,{651df93b-5053-4d1e-94c5-f6e6d25908d0}
Microsoft-Windows-BitLocker-Driver-Performance,{1de130e1-c026-4cbf-ba0f-ab608e40aeea}
Microsoft-Windows-Bits-Client,{ef1cc15b-46c1-414e-bb95-e76b077bd51e}
Microsoft-Windows-Bluetooth-BthLEPrepairing,{4af188ac-e9c4-4c11-b07b-1fabc07dfeb2}
Microsoft-Windows-Bluetooth-Bthmini,{db25b328-a6f6-444f-9d97-a50e20217d16}
Microsoft-Windows-Bluetooth-MTPEnum,{04268430-d489-424d-b914-0cff741d6684}
Microsoft-Windows-Bluetooth-Policy,{0602ecef-6381-4bc0-aeda-eb9bb919b276}
Microsoft-Windows-BootUX,{67d781bd-cbd2-4bd2-ad1f-6152fb891246}
Microsoft-Windows-BranchCache,{7eafcf79-06a7-460b-8a55-bd0a0c9248aa}
Microsoft-Windows-BranchCacheClientEventProvider,{e837619c-a2a8-4689-833f-47b48ebd2442}
Microsoft-Windows-BranchCacheEventProvider,{dd85457f-4e2d-44a5-a7a7-6253362e34dc}
Microsoft-Windows-BranchCacheMonitoring,{a2f55524-8ebc-45fd-88e4-a1b39f169e08}
Microsoft-Windows-BranchCacheSMB,{4a933674-fb3d-4e8d-b01d-17ee14e91a3e}
Microsoft-Windows-BrokerInfrastructure,{e6835967-e0d2-41fb-bcec-58387404e25a}
Microsoft-Windows-BTH-BTHPORT,{8a1f9517-3a8c-4a9e-a018-4f17a200f277}
Microsoft-Windows-BTH-BTHUSB,{33693e1d-246a-471b-83be-3e75f47a832d}
Microsoft-Windows-Build-RegDll,{d39b6336-cfcb-483b-8c76-7c3e7d02bcb8}
Microsoft-Windows-CAPI2,{5bbca4a8-b209-48dc-a8c7-b23d3e5216fb}
Microsoft-Windows-CDROM,{9b6123dc-9af6-4430-80d7-7d36f054fb9f}
Microsoft-Windows-CertificateServicesClient,{73370bd6-85e5-430b-b60a-fea1285808a7}
Microsoft-Windows-CertificateServicesClient-AutoEnrollment,{f0db7ef8-b6f3-4005-9937-feb77b9e1b43}
Microsoft-Windows-CertificateServicesClient-CertEnroll,{54164045-7c50-4905-963f-e5bc1eef0cca}
Microsoft-Windows-CertificateServicesClient-CredentialRoaming,{89a2278b-c662-4aff-a06c-46ad3f220bca}
Microsoft-Windows-CertificateServicesClient-Lifecycle-System,{bc0669e1-a10d-4a78-834e-1ca3c806c93b}
Microsoft-Windows-CertificateServicesClient-Lifecycle-User,{bea18b89-126f-4155-9ee4-d36038b02680}
Microsoft-Windows-CertificationAuthorityClient-CertCli,{98bf1cd3-583e-4926-95ee-a61bf3f46470}
Microsoft-Windows-CertPolEng,{af9cc194-e9a8-42bd-b0d1-834e9cfab799}
Microsoft-Windows-Cleanmgr,{9ae87b12-a014-5288-92df-e3030981ebab}
Microsoft-Windows-ClearTypeTextTuner,{0a88862d-20a3-4c1f-b76f-162c55adbf93}
Microsoft-Windows-CloudFiles-Filter,{4580bb06-baed-5b62-a4d5-92fa7156e7db}
Microsoft-Windows-CloudRestoreLauncher,{dc327e90-7748-58ed-f39c-8a8987cfac58}
Microsoft-Windows-CloudStore,{741bb90c-a7a3-49d6-bd82-1e6b858403f7}
Microsoft-Windows-CmiSetup,{75ebc33e-0cc6-49da-8cd9-8903a5222aa0}
Microsoft-Windows-CodeIntegrity,{4ee76bd8-3cf4-44a0-a0ac-3937643e37a3}
Microsoft-Windows-COM,{d4263c98-310c-4d97-ba39-b55354f08584}
Microsoft-Windows-COM-Perf,{b8d6861b-d20f-4eec-bbae-87e0dd80602b}
Microsoft-Windows-COM-RundownInstrumentation,{2957313d-fcaa-5d4a-2f69-32ce5f0ac44e}
Microsoft-Windows-ComDlg32,{7f912b92-21ad-496e-b97a-88622a72bc42}
Microsoft-Windows-Compat-Appraiser,{442c11c5-304b-45a4-ae73-dc2194c4e876}
Microsoft-Windows-Complus,{0f177893-4a9c-4709-b921-f432d67f43d5}
Microsoft-Windows-COMRuntime,{bf406804-6afa-46e7-8a48-6c357e1d6d61}
Microsoft-Windows-Configuration-Change-Monitor,{a148cf02-be6d-5f08-94e3-b68de60d8422}
Microsoft-Windows-Containers-BindFlt,{fc4e8f51-7a04-4bab-8b91-6321416f72ab}
Microsoft-Windows-Containers-Wcifs,{aec5c129-7c10-407d-be97-91a042c61aaa}
Microsoft-Windows-CoreSystem-InitMachineConfig,{0b886108-1899-4d3a-9c0d-42d8fc4b9108}
Microsoft-Windows-CoreSystem-NetProvision-JoinProviderOnline,{3629dd4d-d6f1-4302-a623-0768b51501c7}
Microsoft-Windows-CoreSystem-SmsRouter,{a9c11050-9e93-4fa4-8fe0-7c4750a345b2}
Microsoft-Windows-CoreWindow,{a3d95055-34cc-4e4a-b99f-ec88f5370495}
Microsoft-Windows-CorruptedFileRecovery-Client,{ba093605-3909-4345-990b-26b746adee0a}
Microsoft-Windows-CorruptedFileRecovery-Server,{d6f68875-cdf5-43a5-a3e3-53ffd683311c}
Microsoft-Windows-Crashdump,{ecdaacfa-6fe9-477c-b5f0-85b76f8f50aa}
Microsoft-Windows-CredUI,{5a24fcdb-1cf3-477b-b422-ef4909d51223}
Microsoft-Windows-Crypto-BCrypt,{c7e089ac-ba2a-11e0-9af7-68384824019b}
Microsoft-Windows-Crypto-CNG,{e3e0e2f0-c9c5-11e0-8ab9-9ebc4824019b}
Microsoft-Windows-Crypto-DPAPI,{89fe8f40-cdce-464e-8217-15ef97d4c7c3}
Microsoft-Windows-Crypto-DSSEnh,{43dad447-735f-4829-a6ff-9829a87419ff}
Microsoft-Windows-Crypto-NCrypt,{e8ed09dc-100c-45e2-9fc8-b53399ec1f70}
Microsoft-Windows-Crypto-RNG,{54d5ac20-e14f-4fda-92da-ebf7556ff176}
Microsoft-Windows-Crypto-RSAEnh,{152fdb2b-6e9d-4b60-b317-815d5f174c4a}
Microsoft-Windows-D3D10Level9,{7e7d3382-023c-43cb-95d2-6f0ca6d70381}
Microsoft-Windows-D3D9,{783aca0a-790e-4d7f-8451-aa850511c6b9}
Microsoft-Windows-DAL-Provider,{7e87506f-bace-4bf1-bc09-3a1f37045c71}
Microsoft-Windows-Data-Pdf,{b97561fe-b27a-4c48-aa3e-7d3addc105b1}
Microsoft-Windows-DataIntegrityScan,{13bc4371-4e21-4e46-a84f-8c0ffb548ced}
Microsoft-Windows-DateTimeControlPanel,{741fc222-44ed-4ba7-98e3-f405b2d2c4b4}
Microsoft-Windows-DCLocator,{cfaa5446-c6c4-4f5c-866f-31c9b55b962d}
Microsoft-Windows-DDisplay,{75051c9d-2833-4a29-8923-046db7a432ca}
Microsoft-Windows-Deduplication,{f9fe3908-44b8-48d9-9a32-5a763ff5ed79}
Microsoft-Windows-Deduplication-Change,{1d5e499d-739c-45a6-a3e1-8cbe0a352beb}
Microsoft-Windows-Defrag-Core,{e3257c8c-c7cb-444f-9da0-5d92a2625289}
Microsoft-Windows-DeliveryOptimization,{f8ad09ba-419c-5134-1750-270f4d0fb889}
Microsoft-Windows-Deplorch,{b9da9fe6-ae5f-4f3e-b2fa-8e623c11dc75}
Microsoft-Windows-DesktopActivityModerator,{32dd13df-9c0b-4c3b-b854-ee76c050f5f4}
Microsoft-Windows-DeviceAssociationService,{56c71c31-cfbd-4cdd-8559-505e042bbbe1}
Microsoft-Windows-DeviceConfidence,{1d5990c1-ec62-49f0-9e37-1f4db12db41e}
Microsoft-Windows-DeviceGuard,{f717d024-f5b4-4f03-9ab9-331b2dc38ffb}
Microsoft-Windows-DeviceManagement-Enterprise-Diagnostics-Provider,{3da494e4-0fe2-415c-b895-fb5265c5c83b}
Microsoft-Windows-DeviceManagement-Pushrouter,{f1201b5a-e170-42b6-8d20-b57ac57e6416}
Microsoft-Windows-Devices-AccessBroker,{64fb8d23-f0b6-5d2d-b1f6-488303c1761f}
Microsoft-Windows-Devices-Background,{64ef2b1c-4ae1-4e64-8599-1636e441ec88}
Microsoft-Windows-Devices-Query,{df63d0dc-97c2-5e48-c1cc-7b46bfd4df88}
Microsoft-Windows-DeviceSetupManager,{fcbb06bb-6a2a-46e3-abaa-246cb4e508b2}
Microsoft-Windows-DeviceSync,{09ec9687-d7ad-40ca-9c5e-78a04a5ae993}
Microsoft-Windows-DeviceUpdateAgent,{e8f9af91-afbe-5a03-dfec-5d591686326c}
Microsoft-Windows-DeviceUx,{ded165cf-485d-4770-a3e7-9c5f0320e80c}
Microsoft-Windows-DevMgmt-UefiCsp,{739d66d8-76c4-4004-873f-169ae5c6eaca}
Microsoft-Windows-DfsSvc,{7da4fe0e-fd42-4708-9aa5-89b77a224885}
Microsoft-Windows-Dhcp-Client,{15a7a4f8-0072-4eab-abad-f98a4d666aed}
Microsoft-Windows-DHCPv6-Client,{6a1f2b00-6a90-4c38-95a5-5cab3b056778}
Microsoft-Windows-DiagCpl,{1a396961-5f3c-4c71-8310-44c653c0bf8a}
Microsoft-Windows-Diagnosis-AdvancedTaskManager,{178dadaf-7ac4-4593-ab3e-a45fda6d0d55}
Microsoft-Windows-Diagnosis-DPS,{6bba3851-2c7e-4dea-8f54-31e5afd029e3}
Microsoft-Windows-Diagnosis-MSDE,{a50b09f8-93eb-4396-84c9-dc921259f952}
Microsoft-Windows-Diagnosis-PCW,{aabf8b86-7936-4fa2-acb0-63127f879dbf}
Microsoft-Windows-Diagnosis-PLA,{e4d53f84-7de3-11d8-9435-505054503030}
Microsoft-Windows-Diagnosis-Scheduled,{40ab57c2-1c53-4df9-9324-ff7cf898a02c}
Microsoft-Windows-Diagnosis-Scripted,{e1dd7e52-621d-44e3-a1ad-0370c2b25946}
Microsoft-Windows-Diagnosis-ScriptedDiagnosticsProvider,{9363ccd9-d429-4452-9adb-2501e704b810}
Microsoft-Windows-Diagnosis-WDC,{05921578-2261-42c7-a0d3-26ddbce6c50d}
Microsoft-Windows-Diagnosis-WDI,{e01b1a7c-c5c9-4e67-99a9-5e85acfb2e10}
Microsoft-Windows-Diagnostics-LoggingChannel,{4bd2826e-54a1-4ba9-bf63-92b73ea1ac4a}
Microsoft-Windows-Diagnostics-Networking,{36c23e18-0e66-11d9-bbeb-505054503030}
Microsoft-Windows-Diagnostics-Performance,{cfc18ec0-96b1-4eba-961b-622caee05b0a}
Microsoft-Windows-Diagnostics-PerfTrack,{030f2f57-abd0-4427-bcf1-3a3587d7dc7d}
Microsoft-Windows-Direct3D10,{9b7e4c0f-342c-4106-a19f-4f2704f689f0}
Microsoft-Windows-Direct3D10_1,{9b7e4c8f-342c-4106-a19f-4f2704f689f0}
Microsoft-Windows-Direct3D11,{db6f6ddb-ac77-4e88-8253-819df9bbf140}
Microsoft-Windows-Direct3D12,{5d8087dd-3a9b-4f56-90df-49196cdc4f11}
Microsoft-Windows-Direct3DShaderCache,{2d4ebca6-ea64-453f-a292-ae2ea0ee513b}
Microsoft-Windows-DirectComposition,{c44219d0-f344-11df-a5e2-b307dfd72085}
Microsoft-Windows-DirectManipulation,{5786e035-ef2d-4178-84f2-5a6bbedbb947}
Microsoft-Windows-Directory-Services-SAM,{0d4fdc09-8c27-494a-bda0-505e4fd8adae}
Microsoft-Windows-Directory-Services-SAM-Utility,{bd8fea17-5549-4b49-aa03-1981d16396a9}
Microsoft-Windows-DirectShow-Core,{968f313b-097f-4e09-9cdd-bc62692d138b}
Microsoft-Windows-DirectShow-KernelSupport,{3cc2d4af-da5e-4ed4-bcbe-3cf995940483}
Microsoft-Windows-DirectSound,{8a93b54b-c75a-49b5-a5be-9060715b1a33}
Microsoft-Windows-Disk,{6b4db0bc-9a3d-467d-81b9-a84c6f2f3d40}
Microsoft-Windows-DiskDiagnostic,{e670a5a2-ce74-4ab4-9347-61b815319f4c}
Microsoft-Windows-DiskDiagnosticDataCollector,{e104fb41-6b04-4f3a-b47d-f0df2f02b954}
Microsoft-Windows-DiskDiagnosticResolver,{6b1ffe48-5b1e-4793-9f7f-ae926454499d}
Microsoft-Windows-Dism-Api,{75b0da21-8b50-42eb-9448-ec48b1729b57}
Microsoft-Windows-Dism-Cli,{2f959466-24d4-4972-8729-0d5e3539ebc3}
Microsoft-Windows-Display,{6ece3302-fee1-4ea9-8b88-086d459ed976}
Microsoft-Windows-DisplayColorCalibration,{3239eb6f-c7fc-4953-aa15-646829a4ca4c}
Microsoft-Windows-DisplaySwitch,{192ede41-9175-4c86-ac02-9d003c9d43ab}
Microsoft-Windows-DistributedCOM,{1b562e86-b7aa-4131-badc-b6f3a001407e}
Microsoft-Windows-DLNA-Namespace,{d38fb874-33e4-4dcf-911e-1b53bb106d53}
Microsoft-Windows-DNS-Client,{1c95126e-7eea-49a9-a3fe-a378b03ddb4d}
Microsoft-Windows-Documents,{c89b991e-3b48-49b2-80d3-ac000dfc9749}
Microsoft-Windows-DomainJoinManagerTriggerProvider,{5b004607-1087-4f16-b10e-979685a8d131}
Microsoft-Windows-DotNETRuntime,{e13c0d23-ccbc-4e12-931b-d9cc2eee27e4}
Microsoft-Windows-DotNETRuntimeRundown,{a669021c-c450-4609-a035-5af59af4df18}
Microsoft-Windows-DriverFrameworks-KernelMode-Performance,{486a5c7c-11cc-46c5-9de7-43dfe0bb57c1}
Microsoft-Windows-DriverFrameworks-UserMode,{2e35aaeb-857f-4beb-a418-2e6c0e54d988}
Microsoft-Windows-DriverFrameworks-UserMode-Performance,{9fa5dd5d-999e-466a-8ca9-7b3a66f8882f}
Microsoft-Windows-DriverProxy,{45c0e4cb-5120-5f84-0418-8a18ed702e9a}
Microsoft-Windows-DSC,{50df9e12-a8c4-4939-b281-47e1325ba63e}
Microsoft-Windows-DUI,{8360bd0f-a7dc-4391-91a7-a457c5c381e4}
Microsoft-Windows-DUSER,{8429e243-345b-47c1-8a91-2c94caf0daab}
Microsoft-Windows-DVD,{e18d0fca-9515-4232-98e4-89e456d8551b}
Microsoft-Windows-Dwm-Api,{292a52c4-fa27-4461-b526-54a46430bd54}
Microsoft-Windows-Dwm-Compositor,{044a9015-d96c-5dd1-0199-72d258325298}
Microsoft-Windows-Dwm-Core,{9e9bba3c-2e38-40cb-99f4-9e8281425164}
Microsoft-Windows-Dwm-Dwm,{d29d56ea-4867-4221-b02e-cfd998834075}
Microsoft-Windows-Dwm-Redir,{7d99f6a4-1bec-4c09-9703-3aaa8148347f}
Microsoft-Windows-Dwm-Udwm,{a2d1c713-093b-43a7-b445-d09370ec9f47}
Microsoft-Windows-DXGI,{ca11c036-0102-4a2d-a6ad-f03cfed5d3c9}
Microsoft-Windows-DXGIDebug,{f1ff64ef-faf3-5699-8e51-f6ec2fbd97d1}
Microsoft-Windows-DxgKrnl,{802ec45a-1e99-4b83-9920-87c98277ba9d}
Microsoft-Windows-DxgKrnl-SysMm,{9de90b19-62c4-511d-a1c5-9e990812d18b}
Microsoft-Windows-DXP,{728b8c72-0f0f-4071-9bcc-27cb3b6dacbe}
Microsoft-Windows-DxpTaskSyncProvider,{271c5228-c3fe-4e47-831f-48c3652ce5ac}
Microsoft-Windows-EapHost,{6eb8db94-fe96-443f-a366-5fe0cee7fb1c}
Microsoft-Windows-EapMethods-RasChap,{58980f4b-bd39-4a3e-b344-492ed2254a4e}
Microsoft-Windows-EapMethods-RasTls,{9cc0413e-5717-4af5-82eb-6103d8707b45}
Microsoft-Windows-EapMethods-Sim,{3d42a67d-9ce8-4284-b755-2550672b0ce0}
Microsoft-Windows-EapMethods-Ttls,{d710d46c-235d-4798-ac20-9f83e1dcd557}
Microsoft-Windows-EaseOfAccess,{74b4a4b1-2302-4768-ac5b-9773dd456b08}
Microsoft-Windows-EDP-AppLearning,{9803daa0-81ba-483a-986c-f0e395b9f8d1}
Microsoft-Windows-EDP-Audit-Regular,{50f99b2d-96d2-421f-be4c-222c4140da9f}
Microsoft-Windows-EDP-Audit-TCB,{287d59b6-79ba-4741-a08b-2fedeede6435}
Microsoft-Windows-EFS,{3663a992-84be-40ea-bba9-90c7ed544222}
Microsoft-Windows-ELS-Hyphenation,{51aedb05-890b-4ade-8ba1-0ba14b8e8973}
Microsoft-Windows-EndpointTriggerProvider,{92aab24d-d9a9-4a60-9f94-201fed3e3e88}
Microsoft-Windows-Energy-Estimation-Engine,{ddcc3826-a68a-4e0d-bcfd-9c06c27c6948}
Microsoft-Windows-EnergyEfficiencyWizard,{1a772f65-be1e-4fc6-96bb-248e03fa60f5}
Microsoft-Windows-EnhancedPhishingProtection-Events,{e8abc5fb-bf87-5462-278d-1b5e18775a8f}
Microsoft-Windows-EnhancedStorage-ClassDriver,{f6cf91be-e7d7-57d6-2a3d-278ca406d190}
Microsoft-Windows-EnhancedStorage-EhStorTcgDrv,{aa3aa23b-bb6d-425a-b58c-1d7e37f5d02a}
Microsoft-Windows-EQoS,{54cb22ff-26b4-4393-a8c2-6b0715912c5f}
Microsoft-Windows-ErrorReportingConsole,{017247f2-7e96-11dc-8314-0800200c9a66}
Microsoft-Windows-ESE,{478ea8a8-00be-4ba6-8e75-8b9dc7db9f78}
Microsoft-Windows-EventCollector,{b977cf02-76f6-df84-cc1a-6a4b232322b6}
Microsoft-Windows-Eventlog,{fc65ddd8-d6ef-4962-83d5-6e5cfe9ce148}
Microsoft-Windows-EventLog-WMIProvider,{35ac6ce8-6104-411d-976c-877f183d2d32}
Microsoft-Windows-EventSystem,{899daace-4868-4295-afcd-9eb8fb497561}
Microsoft-Windows-exFAT-SQM,{494e7a3d-8db9-4ec4-b43e-2844af6e38d6}
Microsoft-Windows-FailoverClustering-Client,{a82fda5d-745f-409c-b0fe-18ae0678a0e0}
Microsoft-Windows-Fat-SQM,{3e59a529-b0b3-4a11-8129-9ffe6bb46eb9}
Microsoft-Windows-Fault-Tolerant-Heap,{6b93bf66-a922-4c11-a617-cf60d95c133d}
Microsoft-Windows-FeatureConfiguration,{c2f36562-a1e4-4bc3-a6f6-01a7adb643e8}
Microsoft-Windows-Feedback-Service-TriggerProvider,{e46eead8-0c54-4489-9898-8fa79d059e0e}
Microsoft-Windows-FileInfoMinifilter,{a319d300-015c-48be-acdb-47746e154751}
Microsoft-Windows-FilterManager,{f3c5e28e-63f6-49c7-a204-e48a1bc4b09d}
Microsoft-Windows-Firewall,{e595f735-b42a-494b-afcd-b68666945cd3}
Microsoft-Windows-Firewall-CPL,{546549be-9d63-46aa-9154-4f6eb9526378}
Microsoft-Windows-FirstUX-PerfInstrumentation,{fbef8096-2ca3-4082-acde-dcfb47e96b72}
Microsoft-Windows-FltMgrTrace_307b3ab035ae31a8462e37b4da258d1a,{307b3ab0-35ae-31a8-462e-37b4da258d1a}
Microsoft-Windows-FltMgrTrace_4d0b89d93def39952d07a17be000652e,{4d0b89d9-3def-3995-2d07-a17be000652e}
Microsoft-Windows-FltMgrTrace_d31e645ea71c307edb823c8f06985b81,{d31e645e-a71c-307e-db82-3c8f06985b81}
Microsoft-Windows-FMS,{dea07764-0790-44de-b9c4-49677b17174f}
Microsoft-Windows-Folder Redirection,{7d7b0c39-93f6-4100-bd96-4dda859652c5}
Microsoft-Windows-Forwarding,{699e309c-e782-4400-98c8-e21d162d7b7b}
Microsoft-Windows-FunctionDiscovery,{9db0fdb5-3b21-440e-a94b-63738a4be5de}
Microsoft-Windows-FunctionDiscoveryHost,{538cbbad-4877-4eb2-b26e-7caee8f0f8cb}
Microsoft-Windows-GenericRoaming,{4eacb4d0-263b-4b93-8cd6-778a278e5642}
Microsoft-Windows-Global Secure Access Client,{c4170aa9-da88-4800-806d-11efa20dba56}
Microsoft-Windows-GPIO-ClassExtension,{55ab77f6-fa04-43ef-af45-688fbf500482}
Microsoft-Windows-GPIOButtons,{e13ff11e-e989-4838-a9fa-38a4d13914cf}
Microsoft-Windows-Graphics-Capture-Server,{7d0cbd25-390e-524d-8c1e-2a8e846055c0}
Microsoft-Windows-Graphics-Printing,{e7aa32fb-77d0-477f-987d-7e83df1b7ed0}
Microsoft-Windows-Graphics-Printing3D,{be967569-e3c8-425b-ad0e-4f2c790b1848}
Microsoft-Windows-GraphicsCapture-API,{347d2cdf-f126-56d7-12b1-69e27c655d7e}
Microsoft-Windows-GroupPolicy,{aea1b4fa-97d1-45f2-a64c-4d69fffd92c9}
Microsoft-Windows-GroupPolicyTriggerProvider,{bd2f4252-5e1e-49fc-9a30-f3978ad89ee2}
Microsoft-Windows-HAL,{63d1e632-95cc-4443-9312-af927761d52a}
Microsoft-Windows-HealthCenter,{588c5c5a-ffc5-44a2-9a7f-d5e8dbe6efd7}
Microsoft-Windows-HealthCenterCPL,{959f1fac-7ca8-4ed1-89dc-cdfa7e093cb0}
Microsoft-Windows-Heap-Snapshot,{901d2afa-4ff6-46d7-8d0e-53645e1a47f5}
Microsoft-Windows-HelloForBusiness,{906b8a99-63ce-58d7-86ab-10989bbd5567}
Microsoft-Windows-Help,{de513a55-c345-438b-9a74-e18cac5c5cc5}
Microsoft-Windows-hidcfu,{7628e972-6d6f-4974-b58f-6428622ec09a}
Microsoft-Windows-HomeGroup-ControlPanel,{134ea407-755d-4a93-b8a6-f290cd155023}
Microsoft-Windows-Hotpatch-Monitor,{57eaf242-3772-533c-9fd2-29ed95606d14}
Microsoft-Windows-HotspotAuth,{de095dbe-8667-4168-94c2-48ca61665aca}
Microsoft-Windows-Http-SQM-Provider,{f5344219-87a4-4399-b14a-e59cd118abb8}
Microsoft-Windows-HttpEvent,{7b6bc78c-898b-4170-bbf8-1a469ea43fc5}
Microsoft-Windows-HttpLog,{c42a2738-2333-40a5-a32f-6acc36449dcc}
Microsoft-Windows-HttpService,{dd5ef90a-6398-47a4-ad34-4dcecdef795f}
Microsoft-Windows-Hyper-V-ComputeLib,{af7fd3a7-b248-460c-a9f5-fec39ef8468c}
Microsoft-Windows-Hyper-V-Guest-Drivers-Dynamic-Memory,{ba2ffb5c-e20a-4fb9-91b4-45f61b4b66a0}
Microsoft-Windows-Hyper-V-Guest-Drivers-Vmbus,{f2e2ce31-0e8a-4e46-a03b-2e0fe97e93c2}
Microsoft-Windows-Hyper-V-Hypervisor,{52fc89f8-995e-434c-a91e-199986449890}
Microsoft-Windows-Hyper-V-KMCL-Child,{16d90d71-caca-5cd9-a618-8210d93015f3}
Microsoft-Windows-Hyper-V-Netvsc,{152fbe4b-c7ad-4f68-bada-a4fcc1464f6c}
Microsoft-Windows-Hyper-V-VID,{5931d877-4860-4ee7-a95c-610a5f0d1407}
Microsoft-Windows-IdCtrls,{6d7662a9-034e-4b1f-a167-67819c401632}
Microsoft-Windows-IdleTriggerProvider,{9e03f75a-bcbe-428a-8f3c-d46f2a444935}
Microsoft-Windows-IE-F12-Provider,{d17fff2f-392d-478c-a41d-737a216eb2a4}
Microsoft-Windows-IE-SmartScreen,{52f82079-1974-4c67-81da-807b892778bb}
Microsoft-Windows-IME-Broker,{e2c15fd7-8924-4c8c-8cfe-da0be539ce27}
Microsoft-Windows-IME-CandidateUI,{7c4117b1-ed82-4f47-b2ca-29e4e25719c7}
Microsoft-Windows-IME-CustomerFeedbackManager,{e2242b38-9453-42fd-b446-00746e76eb82}
Microsoft-Windows-IME-CustomerFeedbackManagerUI,{1b734b40-a458-4b81-954f-ad7c9461bed8}
Microsoft-Windows-IME-JPAPI,{31bcac7f-4ab8-47a1-b73a-a161ee68d585}
Microsoft-Windows-IME-JPLMP,{dbc388bc-89c2-4fe0-b71f-6e4881fb575c}
Microsoft-Windows-IME-JPPRED,{3ad571f3-bdae-4942-8733-4d1b85870a1e}
Microsoft-Windows-IME-JPSetting,{14371053-1813-471a-9510-1cf1d0a055a8}
Microsoft-Windows-IME-JPTIP,{8c8a69ad-cc89-481f-bbad-fd95b5006256}
Microsoft-Windows-IME-KRAPI,{7562948e-2671-4dda-8f8f-bf945ef984a1}
Microsoft-Windows-IME-KRTIP,{e013e74b-97f4-4e1c-a120-596e5629ecfe}
Microsoft-Windows-IME-OEDCompiler,{fd44a6e7-580f-4a9c-83d9-d820b7d3a033}
Microsoft-Windows-IME-TCCORE,{f67b2345-47fa-4721-a6fb-fe08110eecf7}
Microsoft-Windows-IME-TCTIP,{d5268c02-6f51-436f-983b-74f2efbfaf3a}
Microsoft-Windows-IME-TIP,{bdd4b92e-19ef-4497-9c4a-e10e7fd2e227}
Microsoft-Windows-Immersive-Shell,{315a8872-923e-4ea2-9889-33cd4754bf64}
Microsoft-Windows-Immersive-Shell-API,{5f0e257f-c224-43e5-9555-2adcb8540a58}
Microsoft-Windows-IndirectDisplays-ClassExtension-Events,{966cd1c0-3f69-42ad-9877-517dce8462b4}
Microsoft-Windows-Input-HIDCLASS,{6465da78-e7a0-4f39-b084-8f53c7c30dc6}
Microsoft-Windows-InputSwitch,{bb8e7234-bbf4-48a7-8741-339206ed1dfb}
Microsoft-Windows-Install-Agent,{e0c6f6de-258a-50e0-ac1a-103482d118bc}
Microsoft-Windows-International-RegionalOptionsControlPanel,{c6bf6832-f7bd-4151-ac21-753ce4707453}
Microsoft-Windows-Iphlpsvc,{66a5c15c-4f8e-4044-bf6e-71d896038977}
Microsoft-Windows-Iphlpsvc-Trace,{6600e712-c3b6-44a2-8a48-935c511f28c8}
Microsoft-Windows-IPMIProvider,{2a45d52e-bbf3-4843-8e18-b356ed5f6a65}
Microsoft-Windows-IPNAT,{a67075c2-3e39-4109-b6cd-6d750058a732}
Microsoft-Windows-IPSEC-SRV,{c91ef675-842f-4fcf-a5c9-6ea93f2e4f8b}
Microsoft-Windows-IPxlatCfg,{3e5ac668-af52-4c15-b99b-a3e7a6616ebd}
Microsoft-Windows-IsolatedUserMode,{73a33ab2-1966-4999-8add-868c41415269}
Microsoft-Windows-KdsSvc,{89203471-d554-47d4-bde4-7552ec219999}
Microsoft-Windows-Kerberos-Local-Key-Distribution-Center,{57c834d7-0368-5d1b-8f01-1e2f89f0000d}
Microsoft-Windows-Kernel-Acpi,{c514638f-7723-485b-bcfc-96565d735d4a}
Microsoft-Windows-Kernel-AppCompat,{16a1adc1-9b7f-4cd9-94b3-d8296ab1b130}
Microsoft-Windows-Kernel-Audit-API-Calls,{e02a841c-75a3-4fa7-afc8-ae09cf9b7f23}
Microsoft-Windows-Kernel-Boot,{15ca44ff-4d7a-4baa-bba5-0998955e531e}
Microsoft-Windows-Kernel-BootDiagnostics,{96ac7637-5950-4a30-b8f7-e07e8e5734c1}
Microsoft-Windows-Kernel-Cache,{a2d34bf1-70ab-5b21-c819-5a0dd42748fd}
Microsoft-Windows-Kernel-CPU-Partition,{3a493674-937f-5a23-f598-d56b9bd10d28}
Microsoft-Windows-Kernel-CPU-Starvation,{7f54ca8a-6c72-5cbc-b96f-d0ef905b8bce}
Microsoft-Windows-Kernel-Disk,{c7bde69a-e1e0-4177-b6ef-283ad1525271}
Microsoft-Windows-Kernel-Dump,{17d2a329-4539-5f4d-3435-f510634ce3b9}
Microsoft-Windows-Kernel-EventTracing,{b675ec37-bdb6-4648-bc92-f3fdc74d3ca2}
Microsoft-Windows-Kernel-File,{edd08927-9cc4-4e65-b970-c2560fb5c289}
Microsoft-Windows-Kernel-General,{a68ca8b7-004f-d7b6-a698-07e2de0f1f5d}
Microsoft-Windows-Kernel-Interrupt-Steering,{951b41ea-c830-44dc-a671-e2c9958809b8}
Microsoft-Windows-Kernel-IO,{abf1f586-2e50-4ba8-928d-49044e6f0db7}
Microsoft-Windows-Kernel-IoTrace,{a103cabd-8242-4a93-8df5-1cdf3b3f26a6}
Microsoft-Windows-Kernel-Licensing-StartServiceTrigger,{f5528ada-be5f-4f14-8aef-a95de7281161}
Microsoft-Windows-Kernel-LicensingSqm,{a0af438f-4431-41cb-a675-a265050ee947}
Microsoft-Windows-Kernel-LiveDump,{bef2aa8e-81cd-11e2-a7bb-5eac6188709b}
Microsoft-Windows-Kernel-Memory,{d1d93ef7-e1f2-4f45-9943-03d245fe6c00}
Microsoft-Windows-Kernel-Network,{7dd42a49-5329-4832-8dfd-43d979153a88}
Microsoft-Windows-Kernel-Pep,{5412704e-b2e1-4624-8ffd-55777b8f7373}
Microsoft-Windows-Kernel-PnP,{9c205a39-1250-487d-abd7-e831c6290539}
Microsoft-Windows-Kernel-PnP-Rundown,{b3a0c2c8-83bb-4ddf-9f8d-4b22d3c38ad7}
Microsoft-Windows-Kernel-Power,{331c3b3a-2005-44c2-ac5e-77220c37d6b4}
Microsoft-Windows-Kernel-PowerTrigger,{aa1f73e8-15fd-45d2-abfd-e7f64f78eb11}
Microsoft-Windows-Kernel-Prefetch,{5322d61a-9efa-4bc3-a3f9-14be95c144f8}
Microsoft-Windows-Kernel-Prm,{b931ed29-66f4-576e-0579-0b8818a5dc6b}
Microsoft-Windows-Kernel-Process,{22fb2cd6-0e7b-422b-a0c7-2fad1fd0e716}
Microsoft-Windows-Kernel-Processor-Power,{0f67e49f-fe51-4e9f-b490-6f2948cc6027}
Microsoft-Windows-Kernel-Registry,{70eb4f03-c1de-4f73-a051-33d13d5413bd}
Microsoft-Windows-Kernel-ShimEngine,{0bf2fb94-7b60-4b4d-9766-e82f658df540}
Microsoft-Windows-Kernel-StoreMgr,{a6ad76e3-867a-4635-91b3-4904ba6374d7}
Microsoft-Windows-Kernel-Tm,{4cec9c95-a65f-4591-b5c4-30100e51d870}
Microsoft-Windows-Kernel-Tm-Trigger,{ce20d1c3-a247-4c41-bcb8-3c7f52c8b805}
Microsoft-Windows-Kernel-WDI,{2ff3e6b7-cb90-4700-9621-443f389734ed}
Microsoft-Windows-Kernel-WHEA,{7b563579-53c8-44e7-8236-0f87b9fe6594}
Microsoft-Windows-Kernel-Work-Queue,{5071a971-a047-58c9-ffda-4df1788ef21a}
Microsoft-Windows-Kernel-WSService-StartServiceTrigger,{3635d4b6-77e3-4375-8124-d545b7149337}
Microsoft-Windows-Kernel-XDV,{f029ac39-38f0-4a40-b7de-404d244004cb}
Microsoft-Windows-KernelStreaming,{548c4417-ce45-41ff-99dd-528f01ce0fe1}
Microsoft-Windows-KeyboardFilter,{84de80eb-86e8-4ff6-85a6-9319abd578a4}
Microsoft-Windows-KnownFolders,{8939299f-2315-4c5c-9b91-abb86aa0627d}
Microsoft-Windows-L2NACP,{85fe7609-ff4a-48e9-9d50-12918e43e1da}
Microsoft-Windows-LanGPA,{cb070027-1534-4cf3-98ea-b9751f508376}
Microsoft-Windows-LanguagePackSetup,{7237fff9-a08a-4804-9c79-4a8704b70b87}
Microsoft-Windows-LAPS,{4fcc72a9-d7ca-5dd2-8d34-6f41a0cdb7e0}
Microsoft-Windows-LDAP-Client,{099614a5-5dd7-4788-8bc9-e29f43db28fc}
Microsoft-Windows-LimitsManagement,{73aa0094-facb-4aeb-bd1d-a7b98dd5c799}
Microsoft-Windows-LinkLayerDiscoveryProtocol,{dcbfb8f0-cd19-4f1c-a27d-23ac706ded72}
Microsoft-Windows-LiveId,{05f02597-fe85-4e67-8542-69567ab8fd4f}
Microsoft-Windows-LLTD-Mapper,{ccc64809-6b5f-4c1b-ab39-336904da9b3b}
Microsoft-Windows-LLTD-MapperIO,{0741c7be-daac-4a5b-b00a-4bd9a2d89d0e}
Microsoft-Windows-LLTD-Responder,{e159fc63-02fe-42f3-a234-028b9b8561cb}
Microsoft-Windows-LocationServiceProvider,{8e889f0c-7d54-52b3-e4ae-2c8b27a482c2}
Microsoft-Windows-LUA,{93c05d69-51a3-485e-877f-1806a8731346}
Microsoft-Windows-Magnification,{c882ff1d-7585-4b33-b135-95c577179137}
Microsoft-Windows-Management-SecureAssessment,{a329cf81-57ec-46ed-ab7c-261a52b0754a}
Microsoft-Windows-MapControls,{acd88d21-e1d4-4483-b974-0c1da66cc529}
Microsoft-Windows-MCCS-AccountAccessor,{4025d192-273d-42ec-bdf8-940ec34eedca}
Microsoft-Windows-MCCS-AccountsHost,{04eccf8e-8490-4ad1-8ed5-0ae7750e69e6}
Microsoft-Windows-MCCS-AccountsRT,{dd2743c6-1722-4674-9f6f-c80044c4232e}
Microsoft-Windows-MCCS-ActiveSyncCsp,{602a0873-9bde-48b3-b6b7-277035293458}
Microsoft-Windows-MCCS-ActiveSyncProvider,{4a155f10-25ad-47e6-aba8-2c4f5eee7846}
Microsoft-Windows-MCCS-DavSyncProvider,{5d86c4e2-8fcd-48d7-a713-9a04609c0189}
Microsoft-Windows-MCCS-EngineShared,{bf460fc6-45c5-4119-add3-e361a6e7d5ac}
Microsoft-Windows-MCCS-InternetMail,{618473bc-8eef-4868-adff-a1b640b06411}
Microsoft-Windows-MCCS-InternetMailCsp,{bec5e7a4-0527-42e8-8174-fabde799ad7f}
Microsoft-Windows-MCCS-NetworkHelper,{25b99a4c-2f80-4fcd-982d-69cd1f77badf}
Microsoft-Windows-MCCS-SyncController,{7fcb9791-f481-46d1-846e-2eb6f003c4d3}
Microsoft-Windows-MCCS-SyncUtil,{dca074ce-547c-4595-ae90-56229b8e3bd9}
Microsoft-Windows-Media-Protection-PlayReady-Performance,{d2402fde-7526-5a7b-501a-25dc7c9c282e}
Microsoft-Windows-Media-Streaming,{982824e5-e446-46ae-bc74-836401ffb7b6}
Microsoft-Windows-MediaEngine,{8f2048e0-f260-4f57-a8d1-932376291682}
Microsoft-Windows-MediaFoundation-MFCaptureEngine,{b8197c10-845f-40ca-82ab-9341e98cfc2b}
Microsoft-Windows-MediaFoundation-MFReadWrite,{4b7eac67-fc53-448c-a49d-7cc6db524da7}
Microsoft-Windows-MediaFoundation-MSVProc,{a4112d1a-6dfa-476e-bb75-e350d24934e1}
Microsoft-Windows-MediaFoundation-Performance,{f404b94e-27e0-4384-bfe8-1d8d390b0aa3}
Microsoft-Windows-MediaFoundation-Performance-Core,{b20e65ac-c905-4014-8f78-1b6a508142eb}
Microsoft-Windows-MediaFoundation-Platform,{bc97b970-d001-482f-8745-b8d7d5759f99}
Microsoft-Windows-MediaFoundation-PlayAPI,{b65471e1-019d-436f-bc38-e15fa8e87f53}
Microsoft-Windows-MemoryDiagnostics-Results,{5f92bc59-248f-4111-86a9-e393e12c6139}
Microsoft-Windows-MF,{a7364e1a-894f-4b3d-a930-2ed9c8c4c811}
Microsoft-Windows-MF-FrameServer,{9e22a3ed-7b32-4b99-b6c2-21dd6ace01e1}
Microsoft-Windows-MF-MFDshowReverseBridge,{aa1105fa-5af2-5fd6-89b5-002421c5e2ca}
Microsoft-Windows-MFH264Enc,{2a49de31-8a5b-4d3a-a904-7fc7409ae90d}
Microsoft-Windows-Minstore,{55b24b1d-dd9c-44c0-ba77-4f749f1b6976}
Microsoft-Windows-MMCSS,{36008301-e154-466c-acec-5f4cbd6b4694}
Microsoft-Windows-Mobile-Broadband-Experience-Api,{2e2bbb16-0c36-4b9b-a567-40924a199fd5}
Microsoft-Windows-Mobile-Broadband-Experience-Api-Internal,{2aabd03b-f48b-419a-b4ce-7a14403f4a46}
Microsoft-Windows-Mobile-Broadband-Experience-SmsApi,{0ff1c24b-7f05-45c0-abdc-3c8521be4f62}
Microsoft-Windows-MobilityCenter,{91f42016-0b4e-4a4b-9bbb-825d06cbed35}
Microsoft-Windows-mobsync,{b44aec44-38f4-4b59-8df3-10306abf19b2}
Microsoft-Windows-ModernDeployment-Diagnostics-Provider,{bab3ad92-fb96-5902-450b-b8421bdec7bd}
Microsoft-Windows-MosHost,{d116f0f2-a6d6-4f1f-bdda-0c88c8d1f2e9}
Microsoft-Windows-MountMgr,{e3bac9f8-27be-4823-8d7f-1cc320c05fa7}
Microsoft-Windows-MP4SDECD,{7f2bd991-ae93-454a-b219-0bc23f02262a}
Microsoft-Windows-MPEG2_DLNA-Encoder,{86efff39-2bdd-4efd-bd0b-853d71b2a9dc}
Microsoft-Windows-Mprddm,{3a5bef13-d0f7-4e7f-9ec8-5e707df711d0}
Microsoft-Windows-MPRMSG,{f2c628ae-d26c-4352-9c45-74754e1e2f9f}
Microsoft-Windows-MPS-CLNT,{37945dc2-899b-44d1-b79c-dd4a9e57ff98}
Microsoft-Windows-MPS-DRV,{50bd1bfd-936b-4db3-86be-e25b96c25898}
Microsoft-Windows-MPS-SRV,{5444519f-2484-45a2-991e-953e4b54c8e0}
Microsoft-Windows-MPTF,{ea6c5bea-f5cc-56a4-e146-671bf483d53b}
Microsoft-Windows-MSDTC,{719be4ed-e9bc-4dd8-a7cf-c85ce8e4975d}
Microsoft-Windows-MSDTC 2,{5d9e0020-3761-4f36-90c8-38ce6511bd12}
Microsoft-Windows-MSDTC Client,{7a67066e-193f-4d3a-82d3-322fee5259de}
Microsoft-Windows-MSDTC Client 2,{155cb334-3d7f-4ff1-b107-df8afc3c0363}
Microsoft-Windows-MSFTEDIT,{9640427c-7d03-4331-b8ee-fb77625bf381}
Microsoft-Windows-MsiServer,{17e92e2a-3d08-413e-baeb-a79a262bf486}
Microsoft-Windows-MSMPEG2ADEC,{51311de3-d55e-454a-9c58-43dc7b4c01d2}
Microsoft-Windows-MSMPEG2VDEC,{ae5cf422-786a-476a-ac96-753b05877c99}
Microsoft-Windows-msmpeg2venc,{d17b213a-c505-49c9-98cc-734253ef65d4}
Microsoft-Windows-MUI,{a8a1f2f6-a13a-45e9-b1fe-3419569e5ef2}
Microsoft-Windows-MultiTierMemory-CxlType3,{8305d25b-17bd-5e51-6788-718a4a4599a2}
Microsoft-Windows-Narrator,{835b79e2-e76a-44c4-9885-26ad122d3b4d}
Microsoft-Windows-Ncasvc,{126ded58-a28d-4113-8e7a-59d7444b2af1}
Microsoft-Windows-NcdAutoSetup,{ec23f986-ae2d-4269-b52f-4e20765c1a94}
Microsoft-Windows-NCSI,{314de49f-ce63-4779-ba2b-d616f6963a88}
Microsoft-Windows-NDF-HelperClassDiscovery,{fc3bc8a7-2f61-449c-a8b4-22ac22058f92}
Microsoft-Windows-NDIS,{cdead503-17f5-4a3e-b7ae-df8cc2902eb9}
Microsoft-Windows-NDIS-PacketCapture,{2ed6006e-4729-4609-b423-3ee7bcd678ef}
Microsoft-Windows-NdisImPlatformEventProvider,{11c5d8ad-756a-42c2-8087-eb1b4a72a846}
Microsoft-Windows-NdisImPlatformSysEvtProvider,{62de9e48-90c6-4755-8813-6a7d655b0802}
Microsoft-Windows-Ndu,{df271536-4298-45e1-b0f2-e88f78619c5d}
Microsoft-Windows-NetAdapterCim-Diag,{6cc2405d-817f-4886-886f-d5d1643210f0}
Microsoft-Windows-Netshell,{af2e340c-0743-4f5a-b2d3-2f7225d215de}
Microsoft-Windows-Network-and-Sharing-Center,{6a502821-ab44-40c8-b32f-37315d9d52e0}
Microsoft-Windows-Network-Connection-Broker,{3eb875eb-8f4a-4800-a00b-e484c97d7551}
Microsoft-Windows-Network-ExecutionContext,{0075e1ab-e1d1-5d1f-35f5-da36fb4f41b1}
Microsoft-Windows-Network-Setup,{a111f1c2-5923-47c0-9a68-d0bafb577901}
Microsoft-Windows-NetworkBridge,{a67075c2-3e39-4109-b6cd-6d750058a731}
Microsoft-Windows-NetworkConnectivityStatus,{014de49f-ce63-4779-ba2b-d616f6963a87}
Microsoft-Windows-NetworkGCW,{be932b00-0f8e-4386-ab89-873f7d0274aa}
Microsoft-Windows-Networking-Correlation,{83ed54f0-4d48-4e45-b16e-726ffd1fa4af}
Microsoft-Windows-Networking-RealTimeCommunication,{1e39b4ce-d1e6-46ce-b65b-5ab05d6cc266}
Microsoft-Windows-NetworkManagerTriggerProvider,{9b307223-4e4d-4bf5-9be8-995cd8e7420b}
Microsoft-Windows-NetworkProfile,{fbcfac3f-8459-419f-8e48-1f0b49cdb85e}
Microsoft-Windows-NetworkProfileTriggerProvider,{fbcfac3f-8460-419f-8e48-1f0b49cdb85e}
Microsoft-Windows-NetworkProvider,{1e9a4978-78c2-441e-8858-75b5d1326bc5}
Microsoft-Windows-NetworkProvisioning,{93a19ab3-fb2c-46eb-91ef-56b0a318b983}
Microsoft-Windows-NetworkSecurity,{7b702970-90bc-4584-8b20-c0799086ee5a}
Microsoft-Windows-NlaSvc,{63b530f8-29c9-4880-a5b4-b8179096e7b8}
Microsoft-Windows-Ntfs,{3ff37a1c-a68d-4d6e-8c9b-f79e8b16c482}
Microsoft-Windows-Ntfs-UBPM,{8e6a5303-a4ce-498f-afdb-e03a8a82b077}
Microsoft-Windows-NtfsLog_38cd4a5ae98f33938fa5234e6817e23d,{38cd4a5a-e98f-3393-8fa5-234e6817e23d}
Microsoft-Windows-NtfsLog_45b301801894333ded2033e33e5c6afc,{45b30180-1894-333d-ed20-33e33e5c6afc}
Microsoft-Windows-NtfsLog_96e877f6340c3ffb9a5394694a1aedf4,{96e877f6-340c-3ffb-9a53-94694a1aedf4}
Microsoft-Windows-NtfsLog_c83e0889d8d138db51a3b5e3960eb478,{c83e0889-d8d1-38db-51a3-b5e3960eb478}
Microsoft-Windows-NtfsLog_d29e5b696edd3b71be0abb027a654f9e,{d29e5b69-6edd-3b71-be0a-bb027a654f9e}
Microsoft-Windows-NTLM,{ac43300d-5fcc-4800-8e99-1bd3f85f0320}
Microsoft-Windows-ntshrui,{676f167f-f72c-446e-a498-eda43319a5e3}
Microsoft-Windows-NvmeDisk,{9799276c-fb04-47e8-845e-36946045c218}
Microsoft-Windows-NWiFi,{0bd3506a-9030-4f76-9b88-3e8fe1f7cfb6}
Microsoft-Windows-OfflineFiles,{95353826-4fbe-41d4-9c42-f521c6e86360}
Microsoft-Windows-OfflineFiles-CscApi,{19ee4cf9-5322-4843-b0d8-bab81be4e81e}
Microsoft-Windows-OfflineFiles-CscDclUser,{d5418619-c167-44d9-bc36-765beb5d55f3}
Microsoft-Windows-OfflineFiles-CscFastSync,{791cd79c-65b5-48a3-804c-786048994f47}
Microsoft-Windows-OfflineFiles-CscNetApi,{361f227c-aa14-4d19-9007-0c8d1a8a541b}
Microsoft-Windows-OfflineFiles-CscService,{89d89015-c0df-414c-bc48-f50e114832bc}
Microsoft-Windows-OfflineFiles-CscUM,{5e23b838-5b71-47e6-b123-6fe02ef573ef}
Microsoft-Windows-OLE-Perf,{84958368-7da7-49a0-b33d-07fabb879626}
Microsoft-Windows-OLEACC,{19d2c934-ee9b-49e5-aaeb-9cce721d2c65}
Microsoft-Windows-OneX,{ab0d8ef9-866d-4d39-b83f-453f3b8f6325}
Microsoft-Windows-OOBE-FirstLogonAnim,{2d4c0c5e-6704-493a-a44b-f5add4fc9283}
Microsoft-Windows-OOBE-Machine-Core,{ec276cde-2a17-473c-a010-2ff78d5426d2}
Microsoft-Windows-OOBE-Machine-DUI,{f5dbaa02-15d6-4644-a784-7032d508bf64}
Microsoft-Windows-OobeLdr,{75ebc33e-8670-4eb6-b535-3b9d6bb222fd}
Microsoft-Windows-osk,{4f768be8-9c69-4bbc-87fc-95291d3f9d0c}
Microsoft-Windows-OtpCredentialProviderEvt,{5cad485a-210f-4c16-80c5-f892de74e28d}
Microsoft-Windows-OverlayFilter,{46c78e5c-a213-46a8-8a6b-622f6916201d}
Microsoft-Windows-ParentalControls,{01090065-b467-4503-9b28-533766761087}
Microsoft-Windows-Partition,{412bdff2-a8c4-470d-8f33-63fe0d8c20e2}
Microsoft-Windows-PCI,{1a9443d4-b099-44d6-8eb1-829b9c2fe290}
Microsoft-Windows-PCRPF,{5909c524-5e57-5275-803f-ddb7b74c52f2}
Microsoft-Windows-PDC,{a6bf0deb-3659-40ad-9f81-e25af62ce3c7}
Microsoft-Windows-PDFReader,{dfa86faa-2c55-4140-bff9-5cc586217a7b}
Microsoft-Windows-PDH,{04d66358-c4a1-419b-8023-23b73902de2c}
Microsoft-Windows-PerceptionRuntime,{add0de40-32b0-4b58-9d5e-938b2f5c1d1f}
Microsoft-Windows-PerceptionSensorDataService,{85be49ea-38f1-4547-a604-80060202fb27}
Microsoft-Windows-PerfDisk,{7f9d83de-8abb-457f-98e8-4ad161449ecc}
Microsoft-Windows-Perflib,{13b197bd-7cee-4b4e-8dd0-59314ce374ce}
Microsoft-Windows-PerfNet,{cab2b8a5-49b9-4eec-b1b0-fac21da05a3b}
Microsoft-Windows-Performance-Recorder-Control,{36b6f488-aad7-48c2-afe3-d4ec2c8b46fa}
Microsoft-Windows-PerfOS,{f82fb576-e941-4956-a2c7-a0cf83f6450a}
Microsoft-Windows-PerfProc,{72d211e1-4c54-4a93-9520-4901681b2271}
Microsoft-Windows-PersistentMemory-Nvdimm,{a7f2235f-be51-51ed-decf-f4498812a9a2}
Microsoft-Windows-PersistentMemory-PmemDisk,{0fa2ee03-1feb-5057-3bb3-eb25521b8482}
Microsoft-Windows-PersistentMemory-Scmbus,{c03715ce-ea6f-5b67-4449-da1d1e1afeb8}
Microsoft-Windows-Photo-Image-Codec,{be3a31ea-aa6c-4196-9dcc-9ca13a49e09f}
Microsoft-Windows-PhotoAcq,{76cfa528-b26e-b773-62d0-9588270442a6}
Microsoft-Windows-PktMon,{4d4f80d9-c8bd-4d73-bb5b-19c90402c5ac}
Microsoft-Windows-PlayToManager,{bb311100-2d9f-4cd3-b2d6-f4ea3839c548}
Microsoft-Windows-PortableDeviceStatusProvider,{8c63b5a5-b484-4381-892d-edd424582df7}
Microsoft-Windows-PortableDeviceSyncProvider,{a3e1697b-a12c-46b9-84d1-7ffe73c4b678}
Microsoft-Windows-Power-CAD,{daba4d32-cc40-4266-bb95-c30344dbc680}
Microsoft-Windows-Power-Meter-Polling,{306c4e0b-e148-543d-315b-c618eb93157c}
Microsoft-Windows-Power-Troubleshooter,{cdc05e28-c449-49c6-b9d2-88cf761644df}
Microsoft-Windows-PowerCfg,{9f0c4ea8-ec01-4200-a00d-b9701cbea5d8}
Microsoft-Windows-PowerCpl,{b1f90b27-4551-49d6-b2bd-dfc6453762a6}
Microsoft-Windows-PowerShell,{a0c1853b-5c40-4b15-8766-3cf1c58f985a}
Microsoft-Windows-PowerShell-DesiredStateConfiguration-FileDownloadManager,{aaf67066-0bf8-469f-ab76-275590c434ee}
Microsoft-Windows-PrintBRM,{cf3f502e-b40d-4071-996f-00981edf938e}
Microsoft-Windows-PrintService,{747ef6fd-e535-4d16-b510-42c90f6873a1}
Microsoft-Windows-PrintService-USBMon,{7f812073-b28d-4afc-9ced-b8010f914ef6}
Microsoft-Windows-Privacy-Auditing,{d67fbb76-d18a-5ae3-24a3-8c1db52d6c62}
Microsoft-Windows-Privacy-Auditing-Activity-History-Privacy-Settings,{63dd5dfb-2488-5e1f-7895-d49ff5bc7125}
Microsoft-Windows-Privacy-Auditing-CPSS,{15f4cd44-ca53-5422-db17-4e76821b5a69}
Microsoft-Windows-Privacy-Auditing-DiagnosticData,{d3610dca-4501-5a5d-21a7-30ca91130711}
Microsoft-Windows-Privacy-Auditing-OneSettingsClient,{23f0f2c7-c77c-51ee-0ac1-5ac7796a85df}
Microsoft-Windows-Privacy-Auditing-PermissiveLearningMode,{811a1ddb-2e69-5f25-adc0-4b186170e760}
Microsoft-Windows-Privacy-Auditing-TailoredExperiences,{1bd672b8-445e-53fc-35ef-09f53672c385}
Microsoft-Windows-ProcessExitMonitor,{fd771d53-8492-4057-8e35-8c02813af49b}
Microsoft-Windows-Processor-Aggregator,{cba16cf2-2fab-49f8-89ae-894e718649e7}
Microsoft-Windows-ProcessStateManager,{d49918cf-9489-4bf1-9d7b-014d864cf71f}
Microsoft-Windows-Program-Compatibility-Assistant,{4cb314df-c11f-47d7-9c04-65fb0051561b}
Microsoft-Windows-ProjFS-Filter,{b6d7dc51-78cf-4e85-8bac-488a9f47a0bb}
Microsoft-Windows-Provisioning-Diagnostics-Provider,{ed8b9bd3-f66e-4ff2-b86b-75c7925f72a9}
Microsoft-Windows-Proximity-Common,{28058203-d394-4afc-b2a6-2f9155a3bb95}
Microsoft-Windows-Push-To-Install-Service,{3a718a68-6974-4075-abd3-e8243caef398}
Microsoft-Windows-PushNotifications-Developer,{5cad3597-5fec-4c62-9ce1-9d7abc723d3a}
Microsoft-Windows-PushNotifications-InProc,{815a1f4a-3f8d-4b37-9b31-5142f9d724a5}
Microsoft-Windows-PushNotifications-Platform,{88cd9180-4491-4640-b571-e3bee2527943}
Microsoft-Windows-QoS-Pacer,{914ed502-b70d-4add-b758-95692854f8a3}
Microsoft-Windows-QoS-qWAVE,{6ba132c4-da49-415b-a7f4-31870dc9fe25}
Microsoft-Windows-QoS-WMI-Diag,{725ba9b3-c1f3-4518-af1b-c8d669191e15}
Microsoft-Windows-RadioManager,{92061e3d-21cd-45bc-a3df-0e8ae5e8580a}
Microsoft-Windows-Ras-AgileVpn,{b5325cd6-438e-4ec1-aa46-14f46f2570e4}
Microsoft-Windows-Ras-NdisWanPacketCapture,{d84521f7-2235-4237-a7c0-14e3a9676286}
Microsoft-Windows-RasServer,{29d13147-1c2e-48ec-9994-e29dfe496eb3}
Microsoft-Windows-RasSstp,{6c260f2c-049a-43d8-bf4d-d350a4e6611a}
Microsoft-Windows-Rdp-Graphics-RdpAvenc,{ec7b8a8b-1432-58b3-6025-be73d4ea28ed}
Microsoft-Windows-Rdp-Graphics-RdpLite,{54de4fb6-64d0-5710-3c14-13e4456119ce}
Microsoft-Windows-ReadyBoost,{e6307a09-292c-497e-aad6-498f68e2b619}
Microsoft-Windows-ReadyBoostDriver,{2a274310-42d5-4019-b816-e4b8c7abe95c}
Microsoft-Windows-ReFS,{cd9c6198-bf73-4106-803b-c17d26559018}
Microsoft-Windows-ReFS-v1,{059f0f37-910e-4ff0-a7ee-ae8d49dd319b}
Microsoft-Windows-ReFsDedupSvc,{596cb176-fb71-587a-8ffb-f5cf15ee1e36}
Microsoft-Windows-Remote-FileSystem-Log,{20c46239-d059-4214-a11e-7d6769cbe020}
Microsoft-Windows-Remote-FileSystem-Monitor,{51734b23-5b7e-4892-ba8e-45bc110b735c}
Microsoft-Windows-RemoteApp and Desktop Connections,{1b8b402d-78dc-46fb-bf71-46e64aedf165}
Microsoft-Windows-RemoteAssistance,{5b0a651a-8807-45cc-9656-7579815b6af0}
Microsoft-Windows-RemoteDesktopServices-RdpCoreTS,{1139c61b-b549-4251-8ed3-27250a1edec8}
Microsoft-Windows-RemoteDesktopServices-SessionServices,{f1394de0-32c7-4a76-a6de-b245e48f4615}
Microsoft-Windows-Remotefs-Rdbss,{1a870028-f191-4699-8473-6fcd299eab77}
Microsoft-Windows-RemoteHelp,{8b7587bf-3253-5620-fb1f-625bca71d28d}
Microsoft-Windows-ResetEng,{a4445c76-ed85-c8a3-02c1-532a38614a9e}
Microsoft-Windows-ResetEng-Trace,{7fa514b5-a023-4b62-a6ab-2946a483e065}
Microsoft-Windows-Resource-Exhaustion-Detector,{9988748e-c2e8-4054-85f6-0c3e1cad2470}
Microsoft-Windows-Resource-Exhaustion-Resolver,{91f5fb12-fdea-4095-85d5-614b495cd9de}
Microsoft-Windows-ResourcePublication,{74c2135f-cc76-45c3-879a-ef3bb1eeaf86}
Microsoft-Windows-RestartManager,{0888e5ef-9b98-4695-979d-e92ce4247224}
Microsoft-Windows-RetailDemo,{d3f29eda-805d-428a-9902-b259b937f84b}
Microsoft-Windows-RPC,{6ad52b32-d609-4be9-ae07-ce8dae937e39}
Microsoft-Windows-RPC-Audit,{3c578d57-f85a-5fc9-dea0-8c663ccff942}
Microsoft-Windows-RPC-Events,{f4aed7c7-a898-4627-b053-44a7caa12fcd}
Microsoft-Windows-RPC-FirewallManager,{f997cd11-0fc9-4ab4-acba-bc742a4c0dd3}
Microsoft-Windows-RPC-Proxy-LBS,{272a979b-34b5-48ec-94f5-7225a59c85a0}
Microsoft-Windows-RPCSS,{d8975f88-7ddb-4ed0-91bf-3adf48c48e0c}
Microsoft-Windows-RRAS,{24989972-0967-4e21-a926-93854033638e}
Microsoft-Windows-RTWorkQueue-Extended,{83faaa86-63c8-4dd8-a2da-fbadddfc0655}
Microsoft-Windows-RTWorkQueue-Threading,{e18d0fc9-9515-4232-98e4-89e456d8551b}
Microsoft-Windows-Runtime-Graphics,{fa5cf675-72eb-49e2-b447-de5552faff1c}
Microsoft-Windows-Runtime-Media,{8f0db3a8-299b-4d64-a4ed-907b409d4584}
Microsoft-Windows-Runtime-Networking,{6eb875eb-8f4a-4800-a00b-e484c97d7561}
Microsoft-Windows-Runtime-Networking-BackgroundTransfer,{b9d5b35d-bbb8-4625-9450-f71a5d414f4f}
Microsoft-Windows-Runtime-Web-Http,{41877cb4-11fc-4188-b590-712c143c881d}
Microsoft-Windows-Runtime-WebAPI,{6bd96334-dc49-441a-b9c4-41425ba628d8}
Microsoft-Windows-SAMLIB,{80dd5d4d-edc5-50f4-bf8e-df008b752dd6}
Microsoft-Windows-Schannel-Events,{91cc1150-71aa-47e2-ae18-c96e61736b6f}
Microsoft-Windows-SCPNP,{9f650c63-9409-453c-a652-83d7185a2e83}
Microsoft-Windows-Sdbus,{fe28004e-b08f-4407-92b3-bad3a2c51708}
Microsoft-Windows-Sdstor,{afe654eb-0a83-4eb4-948f-d4510ec39c30}
Microsoft-Windows-Search,{ca4e628d-8567-4896-ab6b-835b221f373f}
Microsoft-Windows-Search-Core,{49c2c27c-fe2d-40bf-8c4e-c3fb518037e7}
Microsoft-Windows-Search-ProfileNotify,{fc6f77dd-769a-470e-bcf9-1b6555a118be}
Microsoft-Windows-Search-ProtocolHandlers,{dab065a9-620f-45ba-b5d6-d6bb8efedee9}
Microsoft-Windows-SEC,{16c6501a-ff2d-46ea-868d-8f96cb0cb52d}
Microsoft-Windows-SEC-WFP,{62834e12-795f-5ab2-b404-8d6d870dbbeb}
Microsoft-Windows-Security-Audit-Configuration-Client,{08466062-aed4-4834-8b04-cddb414504e5}
Microsoft-Windows-Security-Auditing,{54849625-5478-4994-a5ba-3e3b0328c30d}
Microsoft-Windows-Security-EnterpriseData-FileRevocationManager,{2cd58181-0bb6-463e-828a-056ff837f966}
Microsoft-Windows-Security-ExchangeActiveSyncProvisioning,{9249d0d0-f034-402f-a29b-92fa8853d9f3}
Microsoft-Windows-Security-IdentityStore,{00b7e1df-b469-4c69-9c41-53a6576e3dad}
Microsoft-Windows-Security-Isolation-BrokeringFileSystem,{cd8b60a0-2a19-5eb9-564f-6154e2d987f4}
Microsoft-Windows-Security-Kerberos,{98e6cfcb-ee0a-41e0-a57b-622d4e1b30b1}
Microsoft-Windows-Security-LessPrivilegedAppContainer,{45eec9e5-4a1b-5446-7ad8-a4ab1313c437}
Microsoft-Windows-Security-Mitigations,{fae10392-f0af-4ac0-b8ff-9f4d920c3cdf}
Microsoft-Windows-Security-Netlogon,{e5ba83f6-07d0-46b1-8bc7-7e669a1d31dc}
Microsoft-Windows-Security-SPP,{e23b33b0-c8c9-472c-a5f9-f2bdfea0f156}
Microsoft-Windows-Security-SPP-UX,{6bdadc96-673e-468c-9f5b-f382f95b2832}
Microsoft-Windows-Security-SPP-UX-GC,{bbbdd6a3-f35e-449b-a471-4d830c8eda1f}
Microsoft-Windows-Security-SPP-UX-GenuineCenter-Logging,{fb829150-cd7d-44c3-af5b-711a3c31cedc}
Microsoft-Windows-Security-SPP-UX-Notifications,{c4efc9bb-2570-4821-8923-1bad317d2d4b}
Microsoft-Windows-Security-UserConsentVerifier,{40783728-8921-45d0-b231-919037b4b4fd}
Microsoft-Windows-Security-Vault,{e6c92fb8-89d7-4d1f-be46-d56e59804783}
Microsoft-Windows-SecurityMitigationsBroker,{ea8cd8a5-78ff-4418-b292-aadc6a7181df}
Microsoft-Windows-SendTo,{35642cf5-da5e-410b-9d9c-a45f3638042b}
Microsoft-Windows-Sens,{be69781c-b63b-41a1-8e24-a4fc7b3fc498}
Microsoft-Windows-SENSE,{fae96d09-ade1-5223-0098-af7b67348531}
Microsoft-Windows-SenseIR,{b6d775ef-1436-4fe6-bad3-9e436319e218}
Microsoft-Windows-Sensors,{d8900e18-36cb-4548-966f-13f068d1f78e}
Microsoft-Windows-Sensors-Core,{751c292b-23e6-58cf-1fd4-38f8512c66c2}
Microsoft-Windows-Sensors-Core-Performance,{9e051eaa-7fee-4f9f-8897-d86f3692e8af}
Microsoft-Windows-Serial-ClassExtension,{47bc9477-a8ba-452e-b951-4f2ed3593cf9}
Microsoft-Windows-Serial-ClassExtension-V2,{eee173ef-7ed2-45de-9877-01c70a852fbd}
Microsoft-Windows-ServiceReportingApi,{606a6a38-70ec-4309-b3a3-82ff86f73329}
Microsoft-Windows-Services,{0063715b-eeda-4007-9429-ad526f62696e}
Microsoft-Windows-Services-Svchost,{06184c97-5201-480e-92af-3a3626c5b140}
Microsoft-Windows-ServiceTriggerPerfEventProvider,{6545939f-3398-411a-88b7-6a8914b8cec7}
Microsoft-Windows-Servicing,{bd12f3b8-fc40-4a61-a307-b7a013a069c1}
Microsoft-Windows-Setup,{75ebc33e-997f-49cf-b49f-ecc50184b75d}
Microsoft-Windows-SetupCl,{75ebc33e-d017-4d0f-93ab-0b4f86579164}
Microsoft-Windows-SetupPlatform,{530fb9b9-c515-4472-9313-fb346f9255e3}
Microsoft-Windows-SetupQueue,{a615acb9-d5a4-4738-b561-1df301d207f8}
Microsoft-Windows-SetupUGC,{75ebc33e-0870-49e5-bdce-9d7028279489}
Microsoft-Windows-SharedAccess_NAT,{a6f32731-9a38-4159-a220-3d9b7fc5fe5d}
Microsoft-Windows-ShareMedia-ControlPanel,{02012a8a-adf5-4fab-92cb-ccb7bb3e689a}
Microsoft-Windows-Shell-AppWizCpl,{08d945eb-c8bd-44aa-994f-86079d8dce35}
Microsoft-Windows-Shell-AuthUI,{63d2bb1d-e39a-41b8-9a3d-52dd06677588}
Microsoft-Windows-Shell-ConnectedAccountState,{6df57621-e7e4-410f-a7e9-e43eeb61b11f}
Microsoft-Windows-Shell-Core,{30336ed4-e327-447c-9de0-51b652c86108}
Microsoft-Windows-Shell-DefaultPrograms,{65d99466-7a8e-489c-b8e1-962bc945031e}
Microsoft-Windows-Shell-LockScreenContent,{a3c0d58a-9fe5-4f24-a2ce-e16de8baa0d2}
Microsoft-Windows-Shell-OpenWith,{11bd2a68-77ff-4991-9658-f451f2eb6ce1}
Microsoft-Windows-Shell-Shwebsvc,{f61cefc0-aa2e-11da-a746-0800200c9a66}
Microsoft-Windows-Shell-ZipFolder,{1f84007d-19ce-4b15-9e81-8a3dd8eb9ecb}
Microsoft-Windows-ShellCommon-StartLayoutPopulation,{97ca8142-10b1-4baa-9fbb-70a7d11231c3}
Microsoft-Windows-ShellExecute,{382b5e24-181e-417f-a8d6-2155f749e724}
Microsoft-Windows-Shsvcs,{059c3e04-5535-4929-85e1-93030e78f47b}
Microsoft-Windows-SleepStudy,{d37687e7-8bf0-4d11-b589-a7abe080756a}
Microsoft-Windows-SmartCard-Audit,{09ac07b9-6ac9-43bc-a50f-58419a797c69}
Microsoft-Windows-SmartCard-DeviceEnum,{aaeac398-3028-487c-9586-44eacad03637}
Microsoft-Windows-Smartcard-Server,{4fcbf664-a33a-4652-b436-9d558983d955}
Microsoft-Windows-SmartCard-TPM-VCard-Module,{125f2cf1-2768-4d33-976e-527137d080f8}
Microsoft-Windows-Smartcard-Trigger,{aedd909f-41c6-401a-9e41-dfc33006af5d}
Microsoft-Windows-SmartScreen,{3cb2a168-fe34-4a4e-bdad-dcf422f34473}
Microsoft-Windows-SMBClient,{988c59c5-0a1c-45b6-a555-0c62276e327d}
Microsoft-Windows-SMBDirect,{db66ea65-b7bb-4ca9-8748-334cb5c32400}
Microsoft-Windows-SMBServer,{d48ce617-33a2-4bc3-a5c7-11aa4f29619e}
Microsoft-Windows-SMBWitnessClient,{32254f6c-aa33-46f0-a5e3-1cbcc74bf683}
Microsoft-Windows-SmbWmiProvider,{50b9e206-9d55-4092-92e8-f157a8235799}
Microsoft-Windows-SoftwareRestrictionPolicies,{7d29d58a-931a-40ac-8743-48c733045548}
Microsoft-Windows-SPB-ClassExtension,{72cd9ff7-4af8-4b89-aede-5f26fda13567}
Microsoft-Windows-SPB-HIDI2C,{991f8fe6-249d-44d6-b93d-5a3060c1dedb}
Microsoft-Windows-Speech-TTS,{74dcc47a-846e-4c98-9e2c-80043ed82b15}
Microsoft-Windows-Speech-UserExperience,{13480a22-d79f-4334-9d32-aa239398ad3c}
Microsoft-Windows-Spell-Checking,{d0e22efc-ac66-4b25-a72d-382736b5e940}
Microsoft-Windows-SpellChecker,{b2fcd41f-9a40-4150-8c92-b224b7d8c8aa}
Microsoft-Windows-Spellchecking-Host,{1bda2ab1-bbc1-4acb-a849-c0ef2b249672}
Microsoft-Windows-SruMon,{c8dbf506-e3d3-4822-930d-84c557eb6247}
Microsoft-Windows-SrumTelemetry,{48d445a8-2f64-4d49-b093-a5774d8dc531}
Microsoft-Windows-StartNameRes,{277c9237-51d8-5c1c-b089-f02c683e5ba7}
Microsoft-Windows-StartupRepair,{c914f0df-835a-4a22-8c70-732c9a80c634}
Microsoft-Windows-StateRepository,{89592015-d996-4636-8f61-066b5d4dd739}
Microsoft-Windows-stobject,{86133982-63d7-4741-928e-ef1349b80219}
Microsoft-Windows-Storage-Tiering,{4a104570-ec6d-4560-a40f-858fa955e84f}
Microsoft-Windows-Storage-Tiering-IoHeat,{990c55fc-2662-47f6-b7d7-eb3c027cb13f}
Microsoft-Windows-StorageManagement,{7e58e69a-e361-4f06-b880-ad2f4b64c944}
Microsoft-Windows-StorageManagement-PartUtil,{93db76c2-63ab-5de1-88b3-c068686675b8}
Microsoft-Windows-StorageManagement-WSP-Health,{b1f01d1a-ae3a-4940-81ee-ddccbad380ef}
Microsoft-Windows-StorageManagement-WSP-Host,{595f33ea-d4af-4f4d-b4dd-9dacdd17fc6e}
Microsoft-Windows-StorageManagement-WSP-Spaces,{88c09888-118d-48fc-8863-e1c6d39ca4df}
Microsoft-Windows-StorageSettings,{e934e6dd-62be-55d8-1cc8-416d0039498b}
Microsoft-Windows-StorageSpaces-Api,{bcf0c6a7-6130-5208-f27d-fa77a91f12df}
Microsoft-Windows-StorageSpaces-Driver,{595f7f52-c90a-4026-a125-8eb5e083f15e}
Microsoft-Windows-StorageSpaces-ManagementAgent,{aa4c798d-d91b-4b07-a013-787f5803d6fc}
Microsoft-Windows-StorageSpaces-Parser,{5bcf2a5c-2e90-5a03-aa4e-2e459bae21b4}
Microsoft-Windows-StorageSpaces-SpaceManager,{69c8ca7e-1adf-472b-ba4c-a0485986b9f6}
Microsoft-Windows-StorageVolume,{c8127b86-e611-5638-63f4-ae37539084d2}
Microsoft-Windows-StorDiag,{f5d05b38-80a6-4653-825d-c414e4ab3c68}
Microsoft-Windows-Store,{9c2a37f3-e5fd-5cae-bcd1-43dafeee1ff0}
Microsoft-Windows-StorPort,{c4636a1e-7986-4646-bf10-7bc3b4a76e8e}
Microsoft-Windows-Storsvc,{a963a23c-0058-521d-71ec-a1cce6173f21}
Microsoft-Windows-Subsys-Csr,{e8316a2d-0d94-4f52-85dd-1e15b66c5891}
Microsoft-Windows-Subsys-SMSS,{43e63da5-41d1-4fbf-aded-1bbed98fdd1d}
Microsoft-Windows-Sudo,{9d74dc62-b75f-54cd-be9e-c28940b5feed}
Microsoft-Windows-Superfetch,{99806515-9f51-4c2f-b918-1eae407aa8cb}
Microsoft-Windows-Sysprep,{75ebc33e-77b8-4ba8-9474-4f4a9db2f5c6}
Microsoft-Windows-System-Profile-HardwareId,{3419de6d-5d7f-4668-acc8-f80566814d96}
Microsoft-Windows-System-Restore,{126cdb97-d346-4894-8a34-658da5eea1b6}
Microsoft-Windows-SystemEventsBroker,{b6bfcc79-a3af-4089-8d4d-0eecb1b80779}
Microsoft-Windows-SystemSettingsHandlers,{fbbd52e1-df97-529d-4b67-53f67da99a98}
Microsoft-Windows-SystemSettingsThreshold,{8bcdf442-3070-4118-8c94-e8843be363b3}
Microsoft-Windows-TabletPC-InputPanel,{e978f84e-582d-4167-977e-32af52706888}
Microsoft-Windows-TabletPC-MathInput,{8443ccb7-feb0-4b8d-8e28-8d4c7cb814e8}
Microsoft-Windows-TabletPC-MathRecognizer,{bdb462fc-a297-49a2-bf2e-4f1809e12abc}
Microsoft-Windows-TabletPC-Platform-Input-Core,{b5fd844a-01d4-4b10-a57f-58b13b561582}
Microsoft-Windows-TabletPC-Platform-Input-Ninput,{2c3e6d9f-8298-450f-8e5d-49b724f1216f}
Microsoft-Windows-TabletPC-Platform-Input-Wisp,{e5aa2a53-30be-40f5-8d84-ad3f40a404cd}
Microsoft-Windows-TabletPC-Platform-Manipulations,{2fd7a9a5-b1a1-4fc7-b95c-c32fed818f30}
Microsoft-Windows-TaskbarCPL,{05d7b0f0-2121-4eff-bf6b-ed3f69b894d7}
Microsoft-Windows-TaskScheduler,{de7b24ea-73c8-4a09-985d-5bdadcfa9017}
Microsoft-Windows-TCPIP,{2f07e2ee-15db-40f1-90ef-9d7ba282188a}
Microsoft-Windows-TenantRestrictions,{4053fada-178b-5aa8-746b-7cf8538b5118}
Microsoft-Windows-TerminalServices-ClientActiveXCore,{28aa95bb-d444-4719-a36f-40462168127e}
Microsoft-Windows-TerminalServices-ClientUSBDevices,{6e400999-5b82-475f-b800-cef6fe361539}
Microsoft-Windows-TerminalServices-LocalSessionManager,{5d896912-022d-40aa-a3a8-4fa5515c76d7}
Microsoft-Windows-TerminalServices-MediaRedirection,{3f7b2f99-b863-4045-ad05-f6afb62e7af1}
Microsoft-Windows-TerminalServices-PnPDevices,{27a8c1e2-eb19-463e-8424-b399df27a216}
Microsoft-Windows-TerminalServices-Printers,{952773bf-c2b7-49bc-88f4-920744b82c43}
Microsoft-Windows-TerminalServices-RdpSoundDriver,{127e0dc5-e13b-4935-985e-78fd508b1d80}
Microsoft-Windows-TerminalServices-RemoteConnectionManager,{c76baa63-ae81-421c-b425-340b4b24157f}
Microsoft-Windows-TerminalServices-ServerUSBDevices,{dcbe5aaa-16e2-457c-9337-366950045f0a}
Microsoft-Windows-Tethering-Manager,{cc311f1f-623c-4ca4-ba44-a458016555e8}
Microsoft-Windows-Tethering-Station,{585cab4f-9351-436e-9d99-dc4b41a20de0}
Microsoft-Windows-TextPredictionEngine,{39a63500-7d76-49cd-994f-ffd796ef5a53}
Microsoft-Windows-ThemeCPL,{61f044af-9104-4ca5-81ee-cb6c51bb01ab}
Microsoft-Windows-ThemeUI,{869fb599-80aa-485d-bca7-db18d72b7219}
Microsoft-Windows-Thermal-Polling,{e8a7c168-81ee-465c-8e8e-d39a2ac1ca41}
Microsoft-Windows-Threat-Intelligence,{f4e1897c-bb5d-5668-f1d8-040f4d8dd344}
Microsoft-Windows-Time-Service,{06edcfeb-0fd0-4e53-acca-a6f8bbf81bcb}
Microsoft-Windows-Time-Service-PTP-Provider,{cffb980e-327c-5b87-19c6-62c4c3be2290}
Microsoft-Windows-TimeBroker,{0657adc1-9ae8-4e18-932d-e6079cda5ab3}
Microsoft-Windows-TPM-WMI,{7d5387b0-cbe0-11da-a94d-0800200c9a66}
Microsoft-Windows-TriggerEmulatorProvider,{f230d19a-5d93-47d9-a83f-53829edfb8df}
Microsoft-Windows-Troubleshooting-Recommended,{4969de67-439c-516f-f805-a82a4f905730}
Microsoft-Windows-TSF-msctf,{4fba1227-f606-4e5f-b9e8-fab9ab5740f3}
Microsoft-Windows-TSF-msutb,{74b655a2-8958-410e-80e2-3457051b8dff}
Microsoft-Windows-TSF-UIManager,{4dd778b8-379c-4d8c-b659-517a43d6df7d}
Microsoft-Windows-TunnelDriver,{4edbe902-9ed3-4cf0-93e8-b8b5fa920299}
Microsoft-Windows-TunnelDriver-SQM-Provider,{4214dcd2-7c33-4f74-9898-719ccceec20f}
Microsoft-Windows-TZSync,{3527cb55-1298-49d4-ab94-1243db0fcaff}
Microsoft-Windows-TZUtil,{2d318b91-e6e7-4c46-bd04-bfe6db412cf9}
Microsoft-Windows-UAC,{e7558269-3fa5-46ed-9f4d-3c6e282dde55}
Microsoft-Windows-UAC-FileVirtualization,{c02afc2b-e24e-4449-ad76-bcc2c2575ead}
Microsoft-Windows-UI-Input-Inking,{bf1db390-3e67-4d4d-a287-8958044a3db4}
Microsoft-Windows-UI-Search,{d8965fcf-7397-4e0e-b750-21a4580bd880}
Microsoft-Windows-UIAnimation,{e0a40b26-30c4-4656-bc9a-74a5c3a0b2ec}
Microsoft-Windows-UIAutomationCore,{820a42d8-38c4-465d-b64e-d7d56ea1d612}
Microsoft-Windows-UIRibbon,{87d476fe-1a0f-4370-b785-60b028019693}
Microsoft-Windows-UniversalTelemetryClient,{6489b27f-7c43-5886-1d00-0a61bb2a375b}
Microsoft-Windows-URLMon,{245f975d-909d-49ed-b8f9-9a75691d6b6b}
Microsoft-Windows-USB-CCID,{f708c483-4880-11e6-9121-5cf37068b67b}
Microsoft-Windows-USB-MAUSBHOST,{7725b5f9-1f2e-4e21-baeb-b2af4690bc87}
Microsoft-Windows-USB-UCMUCSICX,{569d11aa-5068-5ee5-da22-ce541c0b1481}
Microsoft-Windows-USB-UCX,{36da592d-e43a-4e28-af6f-4bc57c5a11e8}
Microsoft-Windows-USB-USB4DeviceRouter-EventLogs,{d07e8c3f-78fb-4c22-b77c-2203d00bfdf3}
Microsoft-Windows-USB-USBHUB,{7426a56b-e2d5-4b30-bdef-b31815c1a74a}
Microsoft-Windows-USB-USBHUB3,{ac52ad17-cc01-4f85-8df5-4dce4333c99b}
Microsoft-Windows-USB-USBPORT,{c88a4ef5-d048-4013-9408-e04b7db2814a}
Microsoft-Windows-USB-USBXHCI,{30e1d284-5d88-459c-83fd-6345b39b19ec}
Microsoft-Windows-USBVideo,{da1d1dbd-3186-4fa2-bc2d-075efd9e43e2}
Microsoft-Windows-User Device Registration,{23b8d46b-67dd-40a3-b636-d43e50552c6d}
Microsoft-Windows-User Profiles General,{db00dfb6-29f9-4a9c-9b3b-1f4f9e7d9770}
Microsoft-Windows-User Profiles Service,{89b1e9f0-5aff-44a6-9b44-0a07a7ce5845}
Microsoft-Windows-User-ControlPanel,{319122a9-1485-4e48-af35-7db2d93b8ad2}
Microsoft-Windows-User-Diagnostic,{305fc87b-002a-5e26-d297-60223012ca9c}
Microsoft-Windows-User-Loader,{b059b83f-d946-4b13-87ca-4292839dc2f2}
Microsoft-Windows-UserAccountControl,{2683b597-3cca-410a-97fe-6f7ee3d09b94}
Microsoft-Windows-UserDataAccess-CallHistoryClient,{f5988abb-323a-4098-8a34-85a3613d4638}
Microsoft-Windows-UserDataAccess-CEMAPI,{83a9277a-d2fc-4b34-bf81-8ceb4407824f}
Microsoft-Windows-UserDataAccess-PimIndexMaintenance,{99c66ba7-5a97-40d5-aa01-8a07fb3db292}
Microsoft-Windows-UserDataAccess-Poom,{0bd19909-eb6f-4b16-8074-6dce803f091d}
Microsoft-Windows-UserDataAccess-UnifiedStore,{56f519ab-9df6-4345-8491-a4ba21ac825b}
Microsoft-Windows-UserDataAccess-UserDataApis,{b9b2de3c-3fbd-4f42-8ff7-33c3bad35fd4}
Microsoft-Windows-UserDataAccess-UserDataService,{fb19ee2c-0d22-4a2e-969e-dd41ae0ce1a9}
Microsoft-Windows-UserDataAccess-UserDataUtils,{d1f688bf-012f-4aec-a38c-e7d4649f8cd2}
Microsoft-Windows-UserModePowerService,{ce8dee0b-d539-4000-b0f8-77bed049c590}
Microsoft-Windows-UserPnp,{96f4a050-7e31-453c-88be-9634f4e02139}
Microsoft-Windows-UserSettingsBackup-EarlyDownloader,{c675305e-51bd-5da6-08b4-d4cb88d198f0}
Microsoft-Windows-UserSettingsBackup-Orchestrator,{47ae8351-b61a-51d1-0ad0-9d870c38f53a}
Microsoft-Windows-UxInit,{4154a29c-40d9-445f-8d65-24da473e8f65}
Microsoft-Windows-UxTheme,{422088e6-cd0c-4f99-bd0b-6985fa290bdf}
Microsoft-Windows-VDRVROOT,{e4480490-85b6-11dd-ad8b-0800200c9a66}
Microsoft-Windows-VerifyHardwareSecurity,{f3f53c76-b06d-4f15-b412-61164a0d2b73}
Microsoft-Windows-VHDMP,{e2816346-87f4-4f85-95c3-0c79409aa89d}
Microsoft-Windows-Video-For-Windows,{712abb2d-d806-4b42-9682-26da01d8b307}
Microsoft-Windows-VIRTDISK,{4d20df22-e177-4514-a369-f1759feedeb3}
Microsoft-Windows-VolumeControl,{07de7879-1c96-41ce-afbd-c659a0e8e643}
Microsoft-Windows-VolumeSnapshot-Driver,{67fe2216-727a-40cb-94b2-c02211edb34a}
Microsoft-Windows-VPCJIT,{ca92de02-0d94-43a3-9694-d60eb94f2f7d}
Microsoft-Windows-VPN-Client,{3c088e51-65be-40d1-9b90-62bfec076737}
Microsoft-Windows-VWiFi,{314b2b0d-81ee-4474-b6e0-c2aaec0ddbde}
Microsoft-Windows-WABSyncProvider,{17f14a23-551d-40cc-a086-e4194d64ed4c}
Microsoft-Windows-Wallet,{6ed11b00-c1b5-48cb-aecc-ff72ebefbae8}
Microsoft-Windows-Watchdog-Events,{70e74dd8-39db-5f6f-6fd1-f5581b29e834}
Microsoft-Windows-Wcmsvc,{67d07935-283a-4791-8f8d-fa9117f3e6f2}
Microsoft-Windows-WCN-Config-Registrar,{c100becf-d33a-4a4b-bf23-bbef4663d017}
Microsoft-Windows-WCN-Config-Registrar-Secure,{c100becc-d33a-4a4b-bf23-bbef4663d017}
Microsoft-Windows-WCNWiz,{e8aa5402-26a1-455e-a21b-f240ed62d155}
Microsoft-Windows-WDAG-PolicyEvaluator-CSP,{64a98c25-9e00-404e-84ad-6700dfe02529}
Microsoft-Windows-WDAG-PolicyEvaluator-GP,{e53df8ba-367a-4406-98d5-709ffb169681}
Microsoft-Windows-WebAuth,{db6972b6-dddf-4820-84b1-2ed6ac0b96e5}
Microsoft-Windows-WebAuthN,{3ae1ea61-c002-47fb-b06c-4022a8c98929}
Microsoft-Windows-WebcamExperience,{9e12ceb1-e3ff-46ad-a0aa-11738b122d20}
Microsoft-Windows-WebdavClient-LookupServiceTrigger,{22b6d684-fa63-4578-87c9-effcbe6643c7}
Microsoft-Windows-WebIO,{50b3e73c-9370-461d-bb9f-26f32d68887d}
Microsoft-Windows-WebServices,{e04fe2e0-c6cf-4273-b59d-5c97c9c374a4}
Microsoft-Windows-Websocket-Protocol-Component,{cba5f63c-e2cf-4b36-8305-bde1311924fc}
Microsoft-Windows-WEPHOSTSVC,{d5f7235b-48e2-4e9c-92fe-0e4950aba9e8}
Microsoft-Windows-WER-Diag,{ad8aa069-a01b-40a0-ba40-948d1d8dedc5}
Microsoft-Windows-WER-PayloadHealth,{4afddfde-002d-51ac-c109-c3b7897858d0}
Microsoft-Windows-WER-SystemErrorReporting,{abce23e7-de45-4366-8631-84fa6c525952}
Microsoft-Windows-WerKernel,{87a623f0-8db5-5c11-7c80-a2ebbcbe5189}
Microsoft-Windows-WFP,{0c478c5b-0351-41b1-8c58-4a6737da32e3}
Microsoft-Windows-WHEA-Logger,{c26c4f3c-3f66-4e99-8f8a-39405cfed220}
Microsoft-Windows-WiFiDisplay,{712880e9-7813-41a3-8e4c-e4e0c4f6580a}
Microsoft-Windows-WiFiHotspotService,{814182fe-58f7-11e1-853c-78e7d1ca7337}
Microsoft-Windows-WiFiNetworkManager,{e5c16d49-2464-4382-bb20-97a4b5465db9}
Microsoft-Windows-Win32k,{8c416c79-d49b-4f01-a467-e56d3aa8234c}
Microsoft-Windows-Windeploy,{75ebc33e-c8ae-4f93-9ca1-683a53e20cb6}
Microsoft-Windows-Windows Defender,{11cd958a-c507-4ef3-b3f2-5fd9dfbd2c78}
Microsoft-Windows-Windows Firewall With Advanced Security,{d1bc9aff-2abf-4d71-9146-ecb2a986eb85}
Microsoft-Windows-WindowsBackup,{01979c6a-42fa-414c-b8aa-eee2c8202018}
Microsoft-Windows-WindowsColorSystem,{d53270e3-c8cf-4707-958a-dad20c90073c}
Microsoft-Windows-WindowsSystemAssessmentTool,{11a75546-3234-465e-bec8-2d301cb501ac}
Microsoft-Windows-WindowsToGo-StartupOptions,{2e6cb42e-161d-413b-a6c1-84ca4c1e5890}
Microsoft-Windows-WindowsUIImmersive,{74827cbb-1e0f-45a2-8523-c605866d2f22}
Microsoft-Windows-WindowsUpdateClient,{945a8954-c147-4acd-923f-40c45405a658}
Microsoft-Windows-WinHttp,{7d44233d-3055-4b9c-ba64-0d47ca40a232}
Microsoft-Windows-WinHttp-Diagnostics,{64de121b-5f08-5853-ab48-7758f2ea2dd3}
Microsoft-Windows-WinHttp-Pca,{d071ce03-0d7b-5b27-e817-b9c12961934e}
Microsoft-Windows-WinINet,{43d1a55c-76d6-4f7e-995c-64c711e5cafe}
Microsoft-Windows-WinINet-Capture,{a70ff94f-570b-4979-ba5c-e59c9feab61b}
Microsoft-Windows-WinINet-Config,{5402e5ea-1bdd-4390-82be-e108f1e634f5}
Microsoft-Windows-WinINet-Pca,{4860ea43-3f05-5fb8-20ce-7ba346a44747}
Microsoft-Windows-Wininit,{206f6dea-d3c5-4d10-bc72-989f03c8b84b}
Microsoft-Windows-Winlogon,{dbe9b383-7cf3-4331-91cc-a3cb16a3b538}
Microsoft-Windows-WinMDE,{77549803-7bb1-418b-a98e-f2e22f35a873}
Microsoft-Windows-WinML,{c8517e09-bea2-5bb6-bef3-50b4c91c431e}
Microsoft-Windows-WinNat,{66c07ecd-6667-43fc-93f8-05cf07f446ec}
Microsoft-Windows-WinREAgent,{1f7a6c55-5532-573b-35b7-2107e43a6ef5}
Microsoft-Windows-WinRM,{a7975c8f-ac13-49f1-87da-5a984a4ab417}
Microsoft-Windows-WinRT-Error,{a86f8471-c31d-4fbc-a035-665d06047b03}
Microsoft-Windows-Winsock-AFD,{e53c6823-7bb8-44bb-90dc-3f86090d48a6}
Microsoft-Windows-Winsock-NameResolution,{55404e71-4db9-4deb-a5f5-8f86e46dde56}
Microsoft-Windows-Winsock-Sockets,{bde46aea-2357-51fe-7367-d5296f530bd1}
Microsoft-Windows-Winsock-SQM,{093da50c-0bb9-4d7d-b95c-3bb9fcda5ee8}
Microsoft-Windows-Winsock-WS2HELP,{d5c25f9a-4d47-493e-9184-40dd397a004d}
Microsoft-Windows-Winsrv,{9d55b53d-449b-4824-a637-24f9d69aa02f}
Microsoft-Windows-Wired-AutoConfig,{b92cf7fd-dc10-4c6b-a72d-1613bf25e597}
Microsoft-Windows-WLAN-AutoConfig,{9580d7dd-0379-4658-9870-d5be7d52d6de}
Microsoft-Windows-WLAN-Driver,{daa6a96b-f3e7-4d4d-a0d6-31a350e6a445}
Microsoft-Windows-WlanDlg,{d4afa0dc-4dd1-40af-afce-cb0d0e6736a7}
Microsoft-Windows-WlanPref,{ca5ba219-c0d4-4efa-9ceb-72aff92672b0}
Microsoft-Windows-WLGPA,{46098845-8a94-442d-9095-366a6bcfefa9}
Microsoft-Windows-wmbclass,{12d25187-6c0d-4783-ad3a-84caa135acfd}
Microsoft-Windows-Wmbclass-Opn,{a42fe227-a7bf-4483-a502-6bcda428cd96}
Microsoft-Windows-WMI,{1edeee53-0afe-4609-b846-d8c0b2075b1f}
Microsoft-Windows-WMI-Activity,{1418ef04-b0b4-4623-bf7e-d74ab47bbdaa}
Microsoft-Windows-WMP,{f3f14ff3-7b80-4868-91d0-d77e497b025e}
Microsoft-Windows-WMP-Setup_WM,{0d759f0f-cff9-4902-8867-eb9e29d7a98b}
Microsoft-Windows-WMPDMCUI,{3f9e07bd-0e26-4241-a5a5-28cafa150a75}
Microsoft-Windows-WMPNSS-PublicAPI,{614696c9-85af-4e64-b389-d2c0db4ff87b}
Microsoft-Windows-WMPNSS-Service,{6a2dc7c1-930a-4fb5-bb44-80b30aebed6c}
Microsoft-Windows-WMPNSSUI,{7c314e58-8246-47d1-8f7a-4049dc543e0b}
Microsoft-Windows-wmvdecod,{55bacc9f-9ac0-46f5-968a-a5a5dd024f8a}
Microsoft-Windows-WMVENCOD,{313b0545-bf9c-492e-9173-8de4863b8573}
Microsoft-Windows-WorkFolders,{34a3697e-0f10-4e48-af3c-f869b5babebb}
Microsoft-Windows-Workplace Join,{76ab12d5-c986-4e60-9d7c-2a092b284cdd}
Microsoft-Windows-WPD-API,{31569dcf-9c6f-4b8e-843a-b7c1cc7ffcba}
Microsoft-Windows-WPD-CompositeClassDriver,{355c44fe-0c8e-4bf8-be28-8bc7b5a42720}
Microsoft-Windows-WPD-MTPBT,{92ab58d3-f351-4af5-9c72-d52f36ee2c92}
Microsoft-Windows-WPD-MTPClassDriver,{21b7c16e-c5af-4a69-a74a-7245481c1b97}
Microsoft-Windows-WPD-MTPIP,{c374d21e-69b2-4cd7-9a25-62187c5a5619}
Microsoft-Windows-WPD-MTPUS,{dcfc4489-9ce0-403c-99df-a05422c60898}
Microsoft-Windows-WPDClassInstaller,{ad5162d8-daf0-4a25-88a7-01cbeb33902e}
Microsoft-Windows-WSC-SRV,{5857d6ca-9732-4454-809b-2a87b70881f8}
Microsoft-Windows-WUSA,{09608c12-c1da-4104-a6fe-b959cf57560a}
Microsoft-Windows-WWAN-MM-EVENTS,{7839bb2a-2ea3-4eca-a00f-b558ba678bec}
Microsoft-Windows-WWAN-NDISUIO-EVENTS,{b3eee223-d0a9-40cd-adfc-50f1888138ab}
Microsoft-Windows-WWAN-SVC-EVENTS,{3cb40aaa-1145-4fb8-b27b-7e30f0454316}
Microsoft-Windows-WwanClient_0ca4cac9670d3ec454b4175eb8aa80b3,{0ca4cac9-670d-3ec4-54b4-175eb8aa80b3}
Microsoft-Windows-WwanClient_1e2fdcad8ed5326fb89a40addcb90fe9,{1e2fdcad-8ed5-326f-b89a-40addcb90fe9}
Microsoft-Windows-WwanProtDim_8ae583a328f2324fa39dea640c5846ee,{8ae583a3-28f2-324f-a39d-ea640c5846ee}
Microsoft-Windows-WwanProtDim_e72a6a5d74743941a6fa83201a9f8ef4,{e72a6a5d-7474-3941-a6fa-83201a9f8ef4}
Microsoft-Windows-XAML,{531a35ab-63ce-4bcf-aa98-f88c7a89e455}
Microsoft-Windows-XAML-Diagnostics,{59e7a714-73a4-4147-b47e-0957048c75c4}
Microsoft-Windows-XAudio2,{1ee3abdb-c1fc-4b43-9e56-11064abba866}
Microsoft-Windows-XWizards,{777ba8fe-2498-4875-933a-3067de883070}
Microsoft-Windows-ZTDNS,{8507cd07-f18b-54f0-b871-23c43a5bf118}
Microsoft-Windows-ZTHELPER,{40e3fc75-59e8-5443-47cb-a1e1b197fde0}
Microsoft-Windows-ZTraceMaps,{b865b57b-bdda-4e1d-a2c8-adfa69fe6ab9}
Microsoft-WindowsPhone-ConfigManager2,{2f94e1cc-a8c5-4fe7-a1c3-53d7bda8e73e}
Microsoft-WindowsPhone-CoreMessaging,{922cdcf3-6123-42da-a877-1a24f23e39c5}
Microsoft-WindowsPhone-CoreUIComponents,{a0b7550f-4e9a-4f03-ad41-b8042d06a2f7}
Microsoft-WindowsPhone-Ufx,{e98ebdbf-3058-4784-8521-47860b1d2b8e}
Microsoft-WindowsPhone-UfxSynopsys,{49b12c7c-4bd5-4f93-bb75-30fce739600b}
Microsoft.Windows.ResourceManager,{4180c4f7-e238-5519-338f-ec214f0b49aa}
MMC,{9c88041d-349d-4647-8bfd-2c0a167bfe58}
Mobility Center Performance Trace,{8a8b5246-6eb6-4339-8b59-b0085b9f4890}
Mobility Center Trace,{082dff20-f430-11d9-8cd6-0800200c9a66}
Mount Manager Trace,{467c1914-37f0-4c7d-b6db-5cd7dfe7bd5e}
MSADCE.1,{76dba919-5a36-fc80-2cad-3185532b7cb1}
MSADCF.1,{101c0e21-ebba-a60a-ec3d-58797788928a}
MSADCO.1,{5c6ce734-1b3e-705e-c2ab-b272d99aaf8f}
MSADDS.1,{13cd7f92-5baa-8c7c-3d72-b69fac139a46}
MSADOX.1,{6c770d53-0441-afd4-dcab-1d89155fecfc}
MSDADIAG.ETW,{8b98d3f2-3cc6-0b9c-6651-9649cce5c752}
MSDAPRST.1,{64a552e0-6c60-b907-e59c-10f1dff76b0d}
MSDAREM.1,{564f1e24-fc86-28e1-74f8-5ca0d950bee0}
MSDART.1,{ceb7253c-bb96-9dfe-51d1-53d966d0cf8b}
MSDASQL_1,{b6501ba0-c61a-c4e6-6fa2-a4e7f8c8e7a0}
MSDATL3.1,{87b93a44-1f73-ec83-7261-2dfc972d9b1e}
MUI Resource Trace,{d3de60b2-a663-45d5-9826-a0a5949d2cb0}
Native WIFI Filter Driver Trace,{d905ac1c-65e7-4242-99ea-fe66a8355df8}
Native WIFI MSM Trace,{d905ac1d-65e7-4242-99ea-fe66a8355df8}
NetJoin,{9741fd4e-3757-479f-a3c6-fc49f6d5edd0}
Network Location Awareness Trace,{1ac55562-d4ff-4bc5-8ef3-a18e07c4668e}
Network Profile Manager,{d9131565-e1dd-4c9e-a728-951999c2adb5}
NisDrvWFP Provider,{49d6ad7b-52c4-4f79-a164-4dcd908391e4}
Ntfs,{dd70bc80-ef44-421b-8ac3-cd31da613a4e}
Ntfs_NtfsLog,{b2fc00c4-2941-4d11-983b-b16e8aa4e25d}
NTLM Security Protocol,{c92cf544-91b3-4dc0-8e11-c580339a0bf8}
ODBC.1,{f34765f6-a1be-4b9d-1400-b8a12921f704}
ODBCBCP.1,{932b59f1-90c2-d8ba-0956-3975c344ae2b}
OfficeAirSpace,{f562bb8e-422d-4b5c-b20e-90d710f7d11c}
OfficeLoggingLiblet,{f50d9315-e17e-43c1-8370-3edf6cc057be}
OLEDB.1,{0dd082c4-66f2-271f-74ba-2bf1f9f65c66}
OpenSSH,{c4b57d35-0636-4bc3-a262-370f249f9802}
PNPX AssocDB Trace,{7311ad03-18d6-45ac-9b08-b020bdd6a590}
Portable Device Connectivity API Trace,{02fe721a-0725-469e-a26d-37b3c09faac1}
PrintFilterPipelineSvc_ObjectsGuid,{aefe45f4-8548-42b4-b1c8-25673b07ad8b}
Qualcomm-Combined-Subsystem-Driver,{6312e0ed-e7a9-4667-b03d-308f80d13a3b}
Refsv1WppTrace,{6d2fd9c5-8bd8-4a5d-8aa8-01e5c3b2ae23}
RefsWppTrace,{740f3c34-57df-4bad-8eea-72ac69ad5df5}
RmClient_RestartManager,{0888e5ef-9b98-4695-979d-e92ce4247224}
RowsetHelper.1,{74a75b02-36d8-ede6-d10e-95b691503408}
RSS Platform Backgroundsync Perf Trace,{ca1cf55c-9e49-4ad3-8038-39cb6f66af11}
RSS Platform Backgroundsync Trace,{f59d1d86-cc03-4736-bc9c-4c7936871b3d}
RSS Platform Perf Trace,{2b240425-3141-43ee-931f-ec9f997c7d7e}
RSS Platform Trace,{8c50fa6e-394e-4b47-b6d1-a880a5f225a2}
SBP2 Port Driver Tracing Provider,{6710597f-7319-4aae-9b85-c8d87136a56b}
Schannel,{1f678132-5938-4686-9fdc-c8ff68f15c85}
SD Bus Trace,{3b9e3da4-70b8-46d3-9ef2-3ddf128bded8}
Security: Kerberos Authentication,{6b510852-3583-4e2d-affe-a67f9f223438}
Security: NTLM Authentication,{5bbb6c18-aa45-49b1-a15f-085f7ed0aa90}
Security: SChannel,{37d2c3cd-c5d4-4587-8531-4696c44244c8}
Security: TSPkg,{6165f3e2-ae38-45d4-9b23-6b4818758bd9}
Security: WDigest,{fb6a424f-b5d6-4329-b9d5-a975b3a93ead}
Sensor ClassExtension Trace,{a1e89bb0-ef73-4980-8c99-dd15f7271d7e}
Service Control Manager,{555908d1-a6d7-4695-8e1e-26931d2012f4}
Service Control Manager Trace,{ebcca1c2-ab46-4a1d-8c2a-906c2ff25f39}
SQLOLEDB_1,{c5bffe2e-9d87-d568-a09e-08fc83d0c7c2}
SQLSRV32.1,{4b647745-f438-0a42-f870-5dbd29949c99}
SysCache_Profiler,{03637494-af1e-4d80-a390-af4275a26951}
TCPIP Service Trace,{eb004a05-9b1a-11d4-9123-0050047759bc}
TerminalServer-MediaFoundationPlugin,{4199ee71-d55d-47d7-9f57-34a1d5b2c904}
Thread Pool,{c861d0e2-a2c1-4d36-9f9c-970bab943a12}
TPM,{1b6b0772-251b-4d42-917d-faca166bc059}
TS Client ActiveX Control Trace,{daa6caf5-6678-43f8-a6fe-b40ee096e06e}
TS Client Trace,{0c51b20c-f755-48a8-8123-bf6da2adc727}
TS Rdp Init Trace,{c127c1a8-6ceb-11da-8bde-f66bad1e3f3a}
TS RDP Shell Trace,{bfa655dc-6c51-11da-8bde-f66bad1e3f3a}
TS Rdp Sound End Point Trace,{5a966d1c-6b48-11da-8bde-f66bad1e3f3a}
UMB Trace,{96ab095a-9519-4f5c-81ee-c510b0a45463}
UmBus Driver Trace,{f9be9c98-10db-4318-bb61-cb0ddea08bf7}
User-mode PnP Manager Trace,{a676b545-4cfb-4306-a067-502d9a0f2220}
User32,{b0aa8734-56f7-41cc-b2f4-de228e98b946}
Volsnap,{cb017cd2-1f37-4e65-82bc-3e91f6a37559}
VSS tracing provider,{9138500e-3648-4edb-aa4c-859e9f7b7c38}
Windows Connect Now,{c100bece-d33a-4a4b-bf23-bbef4663d017}
Windows Defender Firewall API,{28c9f48f-d244-45a8-842f-dc9fbc9b6e92}
Windows Defender Firewall API - GP,{0eff663f-8b6e-4e6d-8182-087a8eaa29cb}
Windows Defender Firewall Driver,{d5e09122-d0b2-4235-adc1-c89faaaf1069}
Windows Defender Firewall NetShell Plugin,{28c9f48f-d244-45a8-842f-dc9fbc9b6e94}
Windows Defender Firewall Service,{5eefebdb-e90c-423a-8abf-0241e7c5b87d}
Windows Error Reporting,{0ead09bd-2157-539a-8d6d-c87f95b64d70}
Windows Kernel Trace,{9e814aad-3204-11d2-9a82-006008a86939}
Windows NetworkItemFactory Trace,{d2a60d61-0f87-4673-a86c-9c461457fe27}
Windows Notification Facility Provider,{42695762-ea50-497a-9068-5cbbb35e0b95}
Windows Remote Management Trace,{04c6e16d-b99f-4a3a-9b3e-b8325bbc781e}
Windows Wininit Trace,{c2ba06e2-f7ce-44aa-9e7e-62652cdefe97}
Windows Winlogon Trace,{d451642c-63a6-11d7-9720-00b0d03e0347}
Windows-ApplicationModel-Store-SDK,{ff79a477-c45f-4a52-8ae0-2b324346d4e4}
WINSATAPI_ETW_PROVIDER,{617853d6-728b-4b59-8a78-c3a9a5eade92}
winsrvext,{2b9537f0-4a90-557b-1313-d0ce2827a94a}
Wireless Client Trace,{8a3cf0b5-e0bc-450b-ae4b-61728ffa1d58}
WLAN AutoConfig Trace,{0c5a3172-2248-44fd-b9a6-8389cb1dc56a}
WLAN Diagnostics Trace,{637a0f36-dff5-4b2f-83dd-b106c1c725e2}
WLAN Dialog Trace,{520319a9-b932-4ec7-943c-61e560939101}
WLAN Extensibility Trace,{e2eb5b52-08b1-4391-b670-f58317376247}
WlanLogger,{bb6f5b93-635c-47be-816f-e895e77064a8}
WMI_Tracing,{1ff6b227-2ca7-40f9-9a66-980eadaa602e}
WMI_Tracing_Client_Operations,{8e6b6962-ab54-4335-8229-3255b919dd0e}
WMP Network Sharing API,{8ed60a3a-8c12-49c5-a518-fdf451bc10fc}
WMP Network Sharing Service,{a7eb57f6-145e-4f18-bd75-dbbf6f7e23a7}
WMP Network Sharing Taskbar,{d804a67f-4c25-43c1-896f-89ff78b3a911}
WPD API Trace,{c3c5d8af-2fd5-4500-a8e7-379c2d0bbe2e}
WPD Bluetooth MTP Emumerator Driver Trace,{4b6efb94-30ea-49a7-bb29-e9ed9dce67da}
WPD BusEnumService Trace,{0381564e-d5cb-4e48-ab35-be24389b0f59}
WPD ClassExtension Trace,{a0a352c5-b8ec-41e9-9936-8452c1c0a6cf}
WPD ClassInstaller Trace,{45350d79-4497-42f1-bd1b-83587575b91a}
WPD FSDriver Trace,{1311095b-b9ff-497a-8560-2f43ca5438e4}
WPD MTPDriver Trace,{97496dda-c211-4ffe-b1b1-68e6e98ebc38}
WPD ShellExtension Trace,{a42c7bd1-5af3-4b32-9bc6-b85eb31d3f4a}
WPD ShellServiceObject Trace,{1ab5ac29-037f-43a1-9484-78c9db61f869}
WPD Types Trace,{58e8f67d-29e9-456c-b23d-c6489e341bb0}
WPD WiaCompat Trace,{b809f4ff-3023-473c-971b-ab594429ea57}
WPD WMDMCompat Trace,{17abf473-982c-4d0e-b502-3a59d89e71de}
WSAT_TraceProvider,{7f3fe630-462b-47c5-ab07-67ca84934abd}
WudfUsbccidDriver,{22c370a7-a3db-4390-ade5-3a1accf4b5d5}
Wudfx02000_KmdfTraceGuid,{485e7de9-0a80-11d8-ad15-505054503030}
XWizard Framework,{777ba8ff-2498-4875-933a-3067de883070}
